timestamp,soil_humidity,soil_ph,soil_ec,soil_p,soil_k,soil2_humidity,soil2_ph,soil2_ec,soil2_n,soil2_p,soil2_k,soil3_humidity,soil3_ph,soil3_ec,soil3_n,soil3_p,soil3_k
2025-06-21 03:03:03,68.75077536455872,5.215467169790965,22.864835995727486,0.19295041608484526,0.0,62.28107067612226,5.531165752908059,204.45883134105122,1.5275133938239793,47.622228802212064,39.7239291155832,76.54298032253168,5.810920030058231,296.8428738306064,22.010947447060495,99.66671414080889,92.28528576736072
2025-06-21 09:03:03,64.2465030117622,4.729875335668271,3.9833179712998197,0.0,0.0,57.64059717522998,5.292984928583093,195.0687230950492,0.7912452604304611,46.813662138078485,38.66971788784924,71.81009324842947,5.303233262915993,262.49666175442763,15.461966613846597,83.30402897487927,75.67946112328563
2025-06-21 15:03:03,63.4150112329675,4.6098988351458665,0.0,0.0,0.0,57.17499670150721,5.120695975108178,180.78643757835866,0.06368933745239003,40.92361017397183,32.56898702962347,70.47631754198635,5.136079361860824,231.89582118158975,9.307186237037584,68.54565725436406,60.827092401308946
2025-06-21 21:03:03,62.535709046029254,4.639890779418914,0.0,0.0,0.0,57.316296017841076,5.182261643136553,175.60342848211127,0.08272673802077712,38.92749002580778,30.599356199232886,71.07830917938487,5.177066064646116,252.46608568415078,12.63086766292977,78.1673757233734,70.63564159527989
2025-06-22 03:03:03,56.22049635923351,5.147362483686464,0.0,0.0,0.0,53.47794611323502,5.59991881572493,168.82287098892775,1.2688686731163545,42.62835412591404,34.22271421730442,71.25871365278613,5.862035696367949,251.963492202393,14.05768936636976,78.08968259077469,70.45015256014611
2025-06-22 09:03:03,50.80401874650868,4.643571550054818,0.0,0.0,0.0,48.88877350664007,5.3361518914113395,161.20127599374192,0.3297536815509107,39.69749285647236,31.273062399519958,65.07232686971714,5.372626032871496,221.9188995238573,8.437115687796961,63.75130907708534,55.86934543498915
2025-06-22 15:03:03,49.886844457572614,4.5160963647181385,0.0,0.0,0.0,48.08579256164473,5.171058777140621,146.0918721025722,0.0,32.777053965293554,24.315533944056394,63.43870053569911,5.198710821158063,190.5721552326731,2.0781628986180323,48.72706389262733,40.661526780897596
2025-06-22 21:03:03,49.116843313911524,4.542998455350686,0.0,0.0,0.0,47.961208955364164,5.226456319528073,140.92435056352616,0.0,30.280847701127097,21.959049368679622,63.4936292361689,5.241238577752532,206.75694060864322,5.10898573962823,56.22520194856903,48.4876007940057
2025-06-23 03:03:03,74.88670238078902,5.086954968092741,30.288077738252163,0.5681106019882975,0.0,65.43628956904973,5.569175399444831,205.7195286064583,2.723198939204871,57.26136726073743,48.82508756430331,80.93090916993494,5.904884078276016,288.0491323429327,21.454561064485677,95.62741385307376,88.10868536313134
2025-06-23 09:03:03,69.7425504271628,4.58263949717701,11.295563780149411,0.0,0.0,60.830952854516276,5.307973564926339,197.68436698224917,1.7818711934500282,54.21294731154643,45.7968723081158,75.10621694101103,5.417525569852759,257.54796358213207,15.794826098076442,81.07929362778857,73.323830792782
2025-06-23 15:03:03,68.85095452532735,4.454948174053268,4.161433416387373,0.0,0.0,60.134240271073395,5.142159049221121,182.7680515425376,0.9880416355384264,47.23545250715508,38.80385707320825,73.54720444681135,5.242151117244039,226.28041301948133,9.444516359765379,66.08260059848028,58.15184061168055
2025-06-23 21:03:03,68.04831659662847,4.48176120420494,0.0,0.0,0.0,60.093404960290364,5.198174960665565,177.59690206187972,0.9856586621327544,44.71155471650441,36.43134318089607,73.73826375035723,5.28477063642313,242.93104349381417,12.487871914875837,73.80095808354032,66.17786044387691
2025-06-24 03:03:03,70.1152498804906,5.051758115772317,4.256440083306582,0.0,0.0,61.13276468173056,5.52654320017779,200.29695744606707,1.8786107841371589,53.702359272042706,44.77206019387273,76.47102881581633,5.786999009268789,262.7725003300082,16.896573094745005,83.47573107521485,75.76648677511574
2025-06-24 09:03:03,64.88978427951866,4.547427523396952,0.0,0.0,0.0,56.532519369561484,5.2650842094538595,192.3583802769682,0.9372588940540267,50.64741641901362,41.74057439675105,70.55633291019969,5.299942871995108,232.31983072272956,11.238512538957675,68.94936181150334,61.00221154149293
2025-06-24 15:03:03,63.9905509336285,4.419729969412404,0.0,0.0,0.0,55.80233416832664,5.099342015916972,177.39697077763677,0.1434215327111782,43.66675578739998,34.74608186696675,68.97875358967497,5.124322295562703,201.04386792063627,4.887833272763194,53.94981159436885,45.82660785844074
2025-06-24 21:03:03,63.197658013017595,4.446540432111772,0.0,0.0,0.0,55.73511965451555,5.155295934428036,172.22666856489766,0.14103603724158714,41.141321493646,32.3729006843981,69.13593830287013,5.166951747873335,217.64501470447925,7.930653092613654,61.64533211187921,53.832462053556064
2025-06-25 03:03:03,58.75829351187203,4.952701399369187,0.0,0.0,0.0,53.453251152093095,5.5732333121715385,170.2902710740035,1.3202560464800714,44.585781163761965,35.81478849128013,70.33904320448286,5.832260976375574,220.64465935692388,9.593695134405475,63.224396523428986,55.22837536157007
2025-06-25 09:03:03,53.557107329291,4.448370371069547,0.0,0.0,0.0,48.85140213998165,5.311800101954139,162.32913749538093,0.3789038929476384,41.53047637963189,32.78316654657684,64.44674371531856,5.345252608631918,190.18683800041458,3.9355630016796135,48.695771663963704,40.462024588464544
2025-06-25 15:03:03,52.660154445607255,4.4,0.0,0.0,0.0,48.131760209810814,5.146050657951995,147.37825929810538,0.0,34.54964008831833,25.78861251928322,62.87378454354612,5.169592103671133,158.91176877573346,0.0,33.696517739970496,25.28678534699153
2025-06-25 21:03:03,51.86435176585596,4.4,0.0,0.0,0.0,48.07285466931355,5.202010791398536,142.20775921374988,0.0,32.02412053985679,23.415403558449185,63.03939857274841,5.212223004117743,175.5181718897646,0.6277422532076886,41.394406473108454,33.29467335770531
2025-06-26 03:03:03,77.07410179756054,4.891401752714249,13.887184221094888,0.0,0.0,65.05767170364227,5.544701780086937,205.87162677494314,2.7713168840773306,58.990413135278246,50.273887235962086,80.22219084521231,5.872639894333837,256.4383432173483,16.963217495716375,80.62481079064375,72.75626453693378
2025-06-26 09:03:03,71.86566603047957,4.4,0.0,0.0,0.0,60.45632782809656,5.283265985313914,197.91576103790047,1.8299647276702868,55.93508826896916,47.24225962364415,74.32431825627768,5.385639181065645,225.9810690976101,11.305088422739178,66.0964198386402,57.990123093419896
2025-06-26 15:03:03,70.96803222424664,4.4,0.0,0.0,0.0,59.73336495764494,5.1175172681877426,182.96242335207896,1.0361272802517227,48.95424223096753,40.247703036303704,72.75020941174375,5.209972245185063,194.70590495401967,4.954424277707206,51.09713518876161,42.8148470960058
2025-06-26 21:03:03,70.17309836863366,4.4,0.0,0.0,0.0,59.671842240371845,5.173476778572574,177.79196947881607,1.0337417569625167,46.4287179520468,37.87449291910316,72.91372589917174,5.252603373868128,211.31174972232577,7.99726602002274,58.794778335647955,50.82252998521155
2025-06-27 03:03:03,72.40727444694899,4.856179181871637,0.0,0.0,0.0,60.86562614942986,5.501847834295652,200.75623200001107,1.9266930548462167,55.41873310750639,46.21489544913456,75.70981739588233,5.754310546338871,231.1927238635517,12.40639895354591,68.48736794026739,60.427242103482904
2025-06-27 09:03:03,67.20100333120256,4.4,0.0,0.0,0.0,56.26412316497398,5.2404122986303285,192.79913600711217,0.985340898407807,52.36340712691362,43.18326760088253,69.81333161099808,5.267311062992486,200.73539161441505,6.74826974977154,53.958952731833776,45.66107954792642
2025-06-27 15:03:03,66.30357284143619,4.4,0.0,0.0,0.0,55.54220633083137,5.0746635086331535,177.84637271217565,0.19150345097910532,45.38256054810539,36.188710906971274,68.23950884977647,5.1,169.4602375534422,0.39760563360539564,38.959671268259214,30.485807257551475
2025-06-27 21:03:03,65.50837956387561,4.4,0.0,0.0,0.0,55.481507977052686,5.130623081481368,172.6759080467379,0.1891179276866225,42.857036006709485,33.81550074163296,68.40354728720507,5.134274258010036,186.06614163117857,3.440447417770227,46.65733988267744,38.49351083439139
2025-06-28 03:03:03,61.01907808520978,4.757121724050125,0.0,0.0,0.0,53.15099863993327,5.5485601768931945,170.6778074137462,1.368337927932765,46.30145187602012,37.25737545707314,69.59089410893857,5.799499620443017,189.06158861765817,5.103471003091338,48.23455669422889,39.88780180216154
2025-06-28 09:03:03,55.8121606268488,4.4,0.0,0.0,0.0,48.549545771915234,5.287124615251724,162.72099873576533,0.42698577149401307,43.24612583359999,34.22574759899954,63.694063233251455,5.312500334825593,158.60426254322894,0.0,33.706144001210546,25.12164137587087
2025-06-28 15:03:03,54.91466942887762,4.4,0.0,0.0,0.0,47.82729945519621,5.1213758325600365,147.7681012971308,0.0,36.26527922478447,27.231190900651896,62.12016928337137,5.136832198287488,127.32910741124535,0.0,18.706862207213177,9.946368711620607
2025-06-28 21:03:03,54.119553612041166,4.4,0.0,0.0,0.0,47.76634144178079,5.177335399146152,142.59763915210604,0.0,33.739754668824816,24.85798073330969,62.28407783933277,5.179463369398612,143.9350051889271,0.0,26.404528180623704,17.95407020199864
2025-06-29 03:03:03,79.34421431138924,4.69582205602144,0.0,0.0,0.0,64.76647946200244,5.520026416138959,206.27591691352256,2.819398761282679,60.70604483390634,51.71646386584598,79.4707913351559,5.83986677314989,224.85562240722987,12.472995501364126,65.63512409606622,57.41582500317872
2025-06-29 09:03:03,74.13748984428219,4.4,0.0,0.0,0.0,60.16501080821011,5.258590857101658,198.31904113579031,1.8780466048439233,57.65071878805564,48.684836007363515,73.57404633148667,5.352867519323703,194.39829567690168,6.8148663029420185,51.10671114219687,42.64966436213985
2025-06-29 15:03:03,73.24001677315628,4.4,0.0,0.0,0.0,59.442868272561796,5.092842073677578,183.36617502518027,1.0842091574151094,50.669872177575115,41.6902793088312,72.0001700961145,5.177199356043757,163.12314065868455,0.46420218559467563,36.10742938246468,27.47439173559697
2025-06-29 21:03:03,72.44487782734467,4.4,0.0,0.0,0.0,59.381992047250044,5.148801640891484,178.19571229153632,1.0818236341225906,48.14434762080739,39.31706914140557,72.16411097163811,5.21983052809906,179.7290391055801,3.507043968047021,43.80509562975025,35.48209343640618
2025-06-30 03:03:03,74.67460173373019,4.660599484562661,0.0,0.0,0.0,60.570950122002515,5.4771726937769785,201.15660944326356,1.9747749320052188,57.13436264141665,47.657471648750416,74.95922671541744,5.7215355320761825,199.60996588273872,7.9161768678434825,53.49766536548133,45.086789052502255
2025-06-30 09:03:03,69.46781964142056,4.4,0.0,0.0,0.0,55.96948644044446,5.215737134478601,193.1997493360599,1.0334227755664631,54.07903659537561,44.625843790250954,69.06246034344923,5.234536283361551,169.1526392220824,2.258047669431592,38.96925243866249,30.320628433121925
2025-06-30 15:03:03,68.57034115780519,4.4,0.0,0.0,0.0,55.24731121563015,5.049988351127946,178.24687590907845,0.23958532813764954,47.0981899848027,37.63128709171094,67.48857970001828,5.1,137.8774841917806,0.0,23.969970675376953,15.145355802776049
2025-06-30 21:03:03,67.77520911806756,4.4,0.0,0.0,0.0,55.186409228540455,5.105947918278914,173.07641331290105,0.23719980484513048,44.57266542799013,35.258076924281845,67.65251253317737,5.101499287988996,154.48338256758996,0.0,31.667636894261424,23.15305748236212
2025-07-01 03:03:03,63.287237012127804,4.5615420267233855,0.0,0.0,0.0,52.8574199422133,5.523885013975216,171.07909863093565,1.4164198050912624,48.01708128981845,38.69995163877762,68.84010216020292,5.766724301757086,157.47883458524606,0.6132489212939258,33.24485576623584,24.547350114467584
2025-07-01 09:03:03,58.08047212611072,4.4,0.0,0.0,0.0,48.25595469449111,5.262449454703012,163.12223486402442,0.4750676486525068,44.96175524376683,35.66832378027744,62.943341105498845,5.27972505386432,127.02150791718893,0.0,18.71644283661183,9.781189492902874
2025-07-01 15:03:03,57.182995258609,4.4,0.0,0.0,0.0,47.533789766174664,5.096700671344996,148.16936314571404,0.0,37.98090863318881,28.673767081737108,61.36946155896442,5.104056885593321,102.0,0.0,6.000000000000001,0.0
2025-07-01 21:03:03,56.387861156788745,4.4,0.0,0.0,0.0,47.472895893580514,5.152660238502273,142.99890051743262,0.0,35.45538407637375,26.300556914307865,61.5333963933767,5.146688057824839,112.3522512715312,0.0,11.414827295524477,2.613618544667091
2025-07-02 03:03:03,81.61212491911985,4.500242358694187,0.0,0.0,0.0,64.47255512521043,5.495351255466562,206.67699472722973,2.8674806384411706,62.4216742410401,53.15904004680483,78.72004946979658,5.807091405515693,193.2728679554048,7.982773419399785,50.64542299729913,42.075373177989775
2025-07-02 09:03:03,76.40535489548087,4.4,0.0,0.0,0.0,59.87109037080172,5.233915696191735,198.7201318150095,1.9261284820024152,59.36634819498791,50.12741218830462,72.82328709195029,5.320092157755071,162.81554128813386,2.324644220987476,36.11701006796602,27.309212556645377
2025-07-02 15:03:03,75.50787754542425,4.4,0.0,0.0,0.0,59.148922199274104,5.068166912834457,183.76725969765474,1.1322910345736017,52.38550158440959,43.13285548976427,71.24940727246535,5.144423989372916,131.5403862589794,0.0,21.117728305010765,12.133939926644372
2025-07-02 21:03:03,74.71274405932064,4.4,0.0,0.0,0.0,59.08802577076016,5.124126479991102,178.59679707687093,1.1299055112810827,49.85997702759439,40.759645322335025,71.413341608888,5.187055161608358,148.14628464153765,0.0,28.815394526535037,20.141641608155034
2025-07-03 03:03:03,76.94258648701499,4.465019787235394,0.0,0.0,0.0,60.27713465528605,5.452497532879455,201.5577370953874,2.022856809163711,58.849992048180624,49.100047829678246,74.20847238736555,5.688760156571758,168.02721147546518,3.4259547858862778,38.50796428442369,29.746337241180445
2025-07-03 09:03:03,71.73581799741704,4.4,0.0,0.0,0.0,55.67566974549248,5.191061973604891,193.60087398356202,1.0815046527249554,55.794666002128416,46.068419971178024,68.31171033876852,5.201760908832384,137.56988480811071,0.0,23.979551355060412,14.980176619813825
2025-07-03 15:03:03,70.83834079144636,4.4,0.0,0.0,0.0,54.953502595517904,5.025313190247539,178.64800195940037,0.28766720529614187,48.81381939155007,39.07386327263768,66.73783058720429,5.1,106.29472977897073,0.0,8.980269592109114,0.0
2025-07-03 21:03:03,70.04320712149608,4.4,0.0,0.0,0.0,54.89260697207261,5.081272757404247,173.4775393368656,0.2852816820036229,46.28829483473486,36.70065310520843,66.90176504754612,5.1,122.90062816161421,0.0,16.67793581366506,7.812605671349155
2025-07-04 03:03:03,65.55519962631307,4.4,0.0,0.0,0.0,52.563570183386055,5.499209853100262,171.48021464375654,1.4645016822497545,49.73271069656189,40.14252781970414,68.08935093335381,5.7339489249872395,125.89608017324011,0.0,18.255154683341708,9.206898301747204
2025-07-04 09:03:03,60.348430678666254,4.4,0.0,0.0,0.0,47.96210532253591,5.237774293825672,163.52335157854708,0.5231495258109988,46.67738465050967,37.11089996120392,62.19258880282677,5.246949677251282,102.0,0.0,6.000000000000001,0.0
2025-07-04 15:03:03,59.45095342967299,4.4,0.0,0.0,0.0,47.23993785079055,5.072025510468326,148.5704795326211,0.0,39.696538039931326,30.11634326266358,60.61870903436121,5.1,102.0,0.0,6.000000000000001,0.0
2025-07-04 21:03:03,58.655819814617445,4.4,0.0,0.0,0.0,47.17904197376315,5.12798507762503,143.4000169104952,0.0,37.17101348311612,27.74313309523433,60.782643463867124,5.113912681084554,102.0,0.0,6.000000000000001,0.0
2025-07-05 03:03:03,83.88009414381241,4.4,0.0,0.0,0.0,64.17871616777977,5.470676094589345,207.07811345830257,2.915562515599662,64.13730364778237,54.601616227731284,77.96929747124754,5.774316028542384,161.6901135439015,3.4925513374422756,35.65572191459542,26.73492136541042
2025-07-05 09:03:03,78.67332533293427,4.4,0.0,0.0,0.0,59.57725129151332,5.209240535314758,199.12125038220634,1.9742103591609061,61.08197760173016,51.56998836923107,72.0725353611079,5.287316780806975,131.23278687655494,0.0,21.127308985234947,11.968760744045811
2025-07-05 15:03:03,77.7758480967871,4.4,0.0,0.0,0.0,58.85508392111995,5.043491751957412,184.16837834136322,1.1803729117320922,54.10113099115181,44.575431670690726,70.49865559684802,5.111648612403612,102.0,0.0,6.128027222283277,0.0
2025-07-05 21:03:03,76.98071446534057,4.4,0.0,0.0,0.0,58.79418812396634,5.099451319114115,178.99791571914184,1.1779873884395735,51.57560643433661,42.20222150326148,70.66259003402715,5.154279784639803,116.56353023004898,0.0,13.825693443836276,4.801189795578812
2025-07-06 03:03:03,79.21055373787817,4.4,0.0,0.0,0.0,59.98329229561026,5.427822372002466,201.95885519163775,2.0709386863222066,60.56562145492288,50.54262401060475,73.45772058084552,5.655984779565736,136.44445706390866,0.0,23.518263201700297,14.405885428586945
2025-07-06 09:03:03,74.00378488616231,4.4,0.0,0.0,0.0,55.38182742419967,5.166386812727878,194.00199211808405,1.1295865298834507,57.51029540887067,47.51099615210453,67.56095846563268,5.1689855318304145,105.9871303965622,0.0,8.989850272339863,0.0
2025-07-06 15:03:03,73.10630764617943,4.4,0.0,0.0,0.0,54.659660021882246,5.000638029370533,179.0491200760538,0.3357490824546371,50.52944879829233,40.51643945356419,65.98707870032626,5.1,102.0,0.0,6.000000000000001,0.0
2025-07-06 21:03:03,72.31117401962707,4.4,0.0,0.0,0.0,54.59876419956984,5.056597596527236,173.87865745385471,0.33336355916211824,48.00392424147712,38.14322928613494,66.15101313559599,5.1,102.0,0.0,6.000000000000001,0.0
2025-07-07 03:03:03,67.82316746654139,4.4,0.0,0.0,0.0,52.269728895356124,5.4745346922232505,171.88133288826376,1.5125835594082482,51.44834010330413,41.58510400063062,67.33859907904949,5.701173547975958,102.0,0.0,6.000000000000001,0.0
2025-07-07 09:03:03,62.61639862701925,4.4,0.0,0.0,0.0,47.66826402241603,5.2130991329486625,163.92446981411626,0.5712314029694925,48.393014057251904,38.55347614213041,61.44183696509904,5.214174300240652,102.0,0.0,6.000000000000001,0.0
2025-07-07 15:03:03,61.71892138818168,4.4,0.0,0.0,0.0,46.94609663015411,5.0473503495913175,148.97159777236328,0.0,41.412167446673564,31.55891944359006,59.86795720005307,5.1,102.0,0.0,6.000000000000001,0.0
2025-07-07 21:03:03,60.923787760167954,4.4,0.0,0.0,0.0,46.88520081576627,5.10330991674802,143.801135150159,0.0,38.88664288985836,29.18570927616081,60.03189163579791,5.1,102.0,0.0,6.000000000000001,0.0
2025-07-08 03:03:03,86.14806180806237,4.4,0.0,0.0,0.0,63.88487454220069,5.4460009337123365,207.4792316681858,2.9636443927581553,65.85293305452463,56.04419240865777,77.2185456288338,5.741540651530258,130.10735913234998,0.0,20.666020831873837,11.394469552818183
2025-07-08 09:03:03,80.9412929648993,4.4,0.0,0.0,0.0,59.283409669742376,5.184565374437749,199.52236859417692,2.0222922363193994,62.797607008472404,53.012564550157556,71.32178351456925,5.254541403794953,102.0,0.0,6.137607902513399,0.0
2025-07-08 15:03:03,80.04381572571975,4.4,0.0,0.0,0.0,58.56124227431315,5.018816591080403,184.56949655235925,1.2284547888905855,55.81676039789406,46.01800785161721,69.74790374945846,5.1,102.0,0.0,6.000000000000001,0.0
2025-07-08 21:03:03,79.24868209814238,4.4,0.0,0.0,0.0,58.500346457429224,5.074776158237106,179.39903393015618,1.2260692655980667,53.29123584107885,43.644797684187964,69.91183818508507,5.121504407627695,102.0,0.0,6.000000000000001,0.0
2025-07-09 03:03:03,81.47852145467343,4.4,0.0,0.0,0.0,59.68945077635307,5.403147211125456,202.359973409607,2.119020563480699,62.281250861665114,51.98520019153123,72.70696873547293,5.623209402553473,104.86170265235712,0.0,8.528562118978723,0.0
2025-07-09 09:03:03,76.27175261259751,4.4,0.0,0.0,0.0,55.087985903743,5.141711651850868,194.4031103355658,1.177668407041943,59.2259248156129,48.953572333031005,66.81020662128653,5.136210154818168,102.0,0.0,6.000000000000001,0.0
2025-07-09 15:03:03,75.37427537352008,4.4,0.0,0.0,0.0,54.36581850931142,4.975962868493522,179.45023829376322,0.3838309596131295,52.24507820503455,41.95901563449066,65.23632685619187,5.1,102.0,0.0,6.000000000000001,0.0
2025-07-09 21:03:03,74.57914174581242,4.4,0.0,0.0,0.0,54.304922693213705,5.031922435650225,174.27977567155986,0.38144543632061056,49.71955364821935,39.58580546706141,65.4002612918479,5.1,102.0,0.0,6.000000000000001,0.0
2025-07-10 03:03:03,70.09113516764715,4.4,0.0,0.0,0.0,51.975887342609454,5.44985953134624,172.28245110434457,1.5606654365667403,53.16396951004635,43.027680181557095,66.58784723441316,5.668398170963673,102.0,0.0,6.000000000000001,0.0
2025-07-10 09:03:03,64.88436632524662,4.4,0.0,0.0,0.0,47.37442247004718,5.188423972071653,164.32558803031097,0.6193132801279846,50.108643463994134,39.99605232305688,60.69108512020732,5.181398923228369,102.0,0.0,6.000000000000001,0.0
2025-07-10 15:03:03,63.98688908613868,4.4,0.0,0.0,0.0,46.65225507530136,5.022675188714307,149.37271598850486,0.0,43.12779685341579,33.00149562451653,59.11720535510865,5.1,102.0,0.0,6.000000000000001,0.0
2025-07-10 21:03:03,63.191755458469935,4.4,0.0,0.0,0.0,46.591359258956004,5.078634755871009,144.20225336630153,0.0,40.60227229660058,30.628285457087284,59.281139790757365,5.1,102.0,0.0,6.000000000000001,0.0
2025-07-11 03:03:03,88.41602951385285,4.4,0.0,0.0,0.0,63.59103300000262,5.421325772835327,207.8803498847076,3.0117262699166467,67.56856246126685,57.486768589584244,76.46779378401429,5.708765274517969,102.0,0.0,6.000000000000001,0.0
2025-07-11 09:03:03,83.20926067154925,4.4,0.0,0.0,0.0,58.989568127425294,5.159890213560739,199.9234868106722,2.0703741134778912,64.51323641521464,54.45514073108403,70.57103166981328,5.221766026782665,102.0,0.0,6.000000000000001,0.0
2025-07-11 15:03:03,82.3117834324504,4.4,0.0,0.0,0.0,58.26740073277845,4.994141430203394,184.97061476886694,1.2765366660490778,57.53238980463628,47.460584032543686,68.9971519047156,5.1,102.0,0.0,6.000000000000001,0.0
2025-07-11 21:03:03,81.51664980477004,4.4,0.0,0.0,0.0,58.2065049165111,5.050100997360096,179.8001521466636,1.2741511427565588,55.006865247821075,45.08737386511444,69.16108634036614,5.1,102.0,0.0,6.000000000000001,0.0
2025-07-12 03:03:03,83.74648915906509,4.4,0.0,0.0,0.0,59.39560923083238,5.378472050248447,202.7610916260259,2.167102440639191,63.996880268407345,53.4277763724577,71.95621689069898,5.5904340255411835,102.0,0.0,6.000000000000001,0.0
2025-07-12 09:03:03,78.53972031673254,4.4,0.0,0.0,0.0,54.794144358259786,5.1170364909738595,194.80422855199086,1.2257502842004353,60.94155422235513,50.39614851395747,66.05945477649676,5.103434777805879,102.0,0.0,6.000000000000001,0.0
2025-07-12 15:03:03,77.642243077631,4.4,0.0,0.0,0.0,54.07197696358176,4.951287707616513,179.8513565101854,0.43191283677162184,53.96070761177678,43.401591815417135,64.48557501139884,5.1,102.0,0.0,6.000000000000001,0.0
2025-07-12 21:03:03,76.84710944995412,4.4,0.0,0.0,0.0,54.01108114728984,5.007247274773216,174.68089388798208,0.4295273134791029,51.43518305496157,41.02838164798788,64.64950944704893,5.1,102.0,0.0,6.000000000000001,0.0
2025-07-13 03:03:03,72.35910287245646,4.4,0.0,0.0,0.0,51.6820457981353,5.425184370469231,172.68356932078746,1.6087473137252286,54.87959891678857,44.47025636248355,65.83709538962786,5.6356227939513825,102.0,0.0,6.000000000000001,0.0
2025-07-13 09:03:03,67.15233403013256,4.4,0.0,0.0,0.0,47.08058092556122,5.163748811194643,164.7267062467524,0.6673951572864729,51.82427287073634,41.438628503983324,59.94033327542596,5.148623546216079,102.0,0.0,6.000000000000001,0.0
2025-07-13 15:03:03,66.25485679103184,4.4,0.0,0.0,0.0,46.35841353089303,4.998000027837297,149.773834204947,0.0,44.843426260158,34.44407180544298,58.3664535103281,5.1,102.0,0.0,6.000000000000001,0.0
2025-07-13 21:03:03,65.45972316335389,4.4,0.0,0.0,0.0,46.29751771460884,5.053959594994001,144.60337158274368,0.0,42.3179017033428,32.07086163801373,58.53038794597829,5.1,102.0,0.0,6.000000000000001,0.0
2025-07-14 03:03:03,90.68399721853747,4.4,0.0,0.0,0.0,63.29719145519883,5.396650611958316,208.28146810114492,3.059808147075139,69.28419186800907,58.92934477051072,75.71704193923182,5.675989897505679,102.0,0.0,6.000000000000001,0.0
2025-07-14 09:03:03,85.477228376211,4.4,0.0,0.0,0.0,58.69572658262521,5.135215052683729,200.32460502710984,2.1184559906363836,66.22886582195684,55.89771691201049,69.82027982502983,5.188990649770375,102.0,0.0,6.000000000000001,0.0
2025-07-14 15:03:03,84.57975113711002,4.4,0.0,0.0,0.0,57.97355918795392,4.969466269326383,185.3717329853044,1.3246185432075697,59.24801921137851,48.90316021347015,68.24640005993196,5.1,102.0,0.0,6.000000000000001,0.0
2025-07-14 21:03:03,83.78461750943238,4.4,0.0,0.0,0.0,57.91266337166731,5.025425836483086,180.20127036310106,1.3222330199150507,56.722494654563306,46.529950046040895,68.41033449558212,5.1,102.0,0.0,6.000000000000001,0.0
2025-07-15 03:03:03,86.01445686378689,4.4,0.0,0.0,0.0,59.10176768613237,5.353796889371437,203.16220984246434,2.2151843177976773,65.71250967514952,54.87035255338411,71.20546504591577,5.557658648528894,102.0,0.0,6.000000000000001,0.0
2025-07-15 09:03:03,80.80768802146119,4.4,0.0,0.0,0.0,54.50030281355861,5.092361330096849,195.20534676842928,1.2738321613589216,62.6571836290973,51.83872469488389,65.3087029317138,5.1,102.0,0.0,6.000000000000001,0.0
2025-07-15 15:03:03,79.9102107823603,4.4,0.0,0.0,0.0,53.778135418888304,4.926612546739504,180.25247472662383,0.4799947139301082,55.67633701851895,44.84416799634354,63.734823166615925,5.1,102.0,0.0,6.000000000000001,0.0
2025-07-15 21:03:03,79.11507715468257,4.4,0.0,0.0,0.0,53.71723960260245,4.9825721138962065,175.0820121044205,0.4776091906375892,53.15081246170375,42.470957828914294,63.89875760226611,5.1,102.0,0.0,6.000000000000001,0.0
2025-07-16 03:03:03,74.62707057716725,4.4,0.0,0.0,0.0,51.38820425340266,5.400509209592221,173.08468753722576,1.6568291908837243,56.595228323530804,45.91283254341004,65.08634354484488,5.602847416939094,102.0,0.0,6.000000000000001,0.0
2025-07-16 09:03:03,69.42030173484129,4.4,0.0,0.0,0.0,46.786739380828955,5.139073650317633,165.1278244631907,0.7154770344449685,53.53990227747858,42.88120468490981,59.18958143064291,5.11584816920379,102.0,0.0,6.000000000000001,0.0
2025-07-16 15:03:03,68.52282449574037,4.4,0.0,0.0,0.0,46.06457198615834,4.973324866960287,150.17495242138529,0.0,46.559055666900235,35.886647986369475,57.615701665545046,5.1,102.0,0.0,6.000000000000001,0.0
2025-07-16 21:03:03,67.72769086806268,4.4,0.0,0.0,0.0,46.003676169872236,5.029284434116991,145.00448979918198,0.0,44.033531110085036,33.513437818940226,57.779636101195216,5.1,102.0,0.0,6.000000000000001,0.0
2025-07-17 03:03:03,92.95196492325154,4.4,0.0,0.0,0.0,63.00334991047649,5.371975451081307,208.6825863175833,3.1078900242336314,70.9998212747513,60.37192095143719,74.96629009444878,5.64321452049339,102.0,0.0,6.000000000000001,0.0
2025-07-17 09:03:03,87.74519608092565,4.4,0.0,0.0,0.0,58.401885037902765,5.110539891806719,200.7257232435482,2.166537867794875,67.94449522869908,57.34029309293696,69.06952798024682,5.156215272758086,102.0,0.0,6.000000000000001,0.0
2025-07-17 15:03:03,86.84771884182476,4.4,0.0,0.0,0.0,57.67971764323224,4.944791108449373,185.77285120174275,1.372700420366062,60.963648618120736,50.34573639439662,67.49564821514893,5.1,102.0,0.0,6.000000000000001,0.0
2025-07-17 21:03:03,86.05258521414706,4.4,0.0,0.0,0.0,57.61882182694621,5.000750675606077,180.60238857953942,1.3703148970735428,58.43812406130554,47.97252622696737,67.65958265079911,5.1,102.0,0.0,6.000000000000001,0.0
2025-07-18 03:03:03,88.28242456850005,4.4,0.0,0.0,0.0,58.80792614140683,5.329121728494426,203.5633280589028,2.2632661949561754,67.4281390818918,56.312928734310645,70.45471320113279,5.524883271516605,102.0,0.0,6.000000000000001,0.0
2025-07-18 09:03:03,83.07565572617415,4.4,0.0,0.0,0.0,54.2064612688331,5.067686169219839,195.60646498486773,1.32191403851742,64.37281303583958,53.281300875810416,64.55795108693081,5.1,102.0,0.0,6.000000000000001,0.0
2025-07-18 15:03:03,82.17817848707324,4.4,0.0,0.0,0.0,53.48429387416255,4.901937385862493,180.65359294306228,0.5280765910886064,57.39196642526124,46.28674417727007,62.98407132183294,5.1,102.0,0.0,6.000000000000001,0.0
2025-07-18 21:03:03,81.38304485939554,4.4,0.0,0.0,0.0,53.42339805787651,4.957896953019196,175.483130320859,0.5256910677960874,54.86644186844603,43.913534009840824,63.148005757483105,5.1,102.0,0.0,6.000000000000001,0.0
2025-07-19 03:03:03,76.89503828188062,4.4,0.0,0.0,0.0,51.0943627086781,5.375834048715211,173.48580575366412,1.7049110680422161,58.310857730273035,47.35540872433651,64.33559170006185,5.570072039926805,102.0,0.0,6.000000000000001,0.0
2025-07-19 09:03:03,71.68826943955473,4.4,0.0,0.0,0.0,46.49289783610437,5.114398489440624,165.52894267962907,0.7635589116034606,55.255531684220806,44.323780865836284,58.43882958585988,5.1,102.0,0.0,6.000000000000001,0.0
2025-07-19 15:03:03,70.7907922004538,4.4,0.0,0.0,0.0,45.77073044143383,4.948649706083278,150.57607063782362,0.0,48.27468507364247,37.32922416729595,56.86494982076201,5.1,102.0,0.0,6.000000000000001,0.0
2025-07-19 21:03:03,69.99565857277611,4.4,0.0,0.0,0.0,45.70983462514779,5.00460927323998,145.4056080156203,0.0,45.74916051682727,34.9560139998667,57.028884256412184,5.1,102.0,0.0,6.000000000000001,0.0
2025-07-20 03:03:03,95.21993262796478,4.4,0.0,0.0,0.0,62.70950836575154,5.347300290204298,209.08370453402148,3.1559719013921206,72.71545068149348,61.81449713236362,74.21553824966573,5.6104391434811,102.0,0.0,6.000000000000001,0.0
2025-07-20 09:03:03,90.01316378563888,4.4,0.0,0.0,0.0,58.10804349317782,5.08586473092971,201.12684145998642,2.214619744953365,69.66012463544125,58.7828692738634,68.31877613546374,5.123439895745797,102.0,0.0,6.000000000000001,0.0
2025-07-20 15:03:03,89.11568654653796,4.4,0.0,0.0,0.0,57.385876098507275,4.920115947572365,186.17396941818097,1.4207822975245517,62.67927802486292,51.78831257532305,66.74489637036588,5.1,102.0,0.0,6.000000000000001,0.0
2025-07-20 21:03:03,88.32055291886027,4.4,0.0,0.0,0.0,57.32498028222124,4.976075514729067,181.00350679597767,1.4183967742320325,60.15375346804772,49.41510240789381,66.90883080601604,5.1,102.0,0.0,6.000000000000001,0.0
2025-07-21 03:03:03,90.55039227321336,4.4,0.0,0.0,0.0,58.51408459668203,5.3044465676174175,203.96444627534115,2.3113480721146678,69.14376848863404,57.75550491523711,69.70396135634975,5.492107894504315,102.0,0.0,6.000000000000001,0.0
2025-07-21 09:03:03,85.34362343088748,4.4,0.0,0.0,0.0,53.91261972410831,5.0430110083428294,196.0075832013061,1.3699959156759123,66.08844244258181,54.723877056736896,63.807199242147774,5.1,102.0,0.0,6.000000000000001,0.0
2025-07-21 15:03:03,84.44614619178655,4.4,0.0,0.0,0.0,53.19045232943776,4.877262224985484,181.05471115950064,0.5761584682470988,59.10759583200347,47.729320358196546,62.23331947704991,5.1,102.0,0.0,6.000000000000001,0.0
2025-07-21 21:03:03,83.65101256410885,4.4,0.0,0.0,0.0,53.12955651315173,4.933221792142187,175.88424853729737,0.5737729449545798,56.58207127518827,45.356110190767296,62.39725391270008,5.1,102.0,0.0,6.000000000000001,0.0
2025-07-22 03:03:03,79.16300598659389,4.4,0.0,0.0,0.0,50.80052116395324,5.351158887838202,173.88692397010243,1.7529929452007047,60.02648713701524,48.79798490526296,63.5848398552788,5.537296662914515,102.0,0.0,6.000000000000001,0.0
2025-07-22 09:03:03,73.95623714426799,4.4,0.0,0.0,0.0,46.19905629137952,5.089723328563614,165.9300608960674,0.811640788761949,56.97116109096302,45.766357046762735,57.688077741076825,5.1,102.0,0.0,6.000000000000001,0.0
2025-07-22 15:03:03,73.05875990516708,4.4,0.0,0.0,0.0,45.47688889670898,4.923974545206268,150.97718885426193,0.017803341333135502,49.990314480384676,38.77180034822239,56.11419797597895,5.1,102.0,0.0,6.000000000000001,0.0
2025-07-22 21:03:03,72.26362627748938,4.4,0.0,0.0,0.0,45.41599308042294,4.9799341123629715,145.80672623205862,0.015417818040616545,47.46478992356947,36.39859018079314,56.27813241162912,5.1,102.0,0.0,6.000000000000001,0.0
2025-07-23 03:03:03,97.48790033267815,4.4,0.0,0.0,0.0,62.41566682102679,5.322625129327287,209.4848227504601,3.204053778550618,74.43108008823579,63.25707331329016,73.46478640488273,5.5776637664688105,102.0,0.0,6.000000000000001,0.0
2025-07-23 09:03:03,92.28113149035228,4.4,0.0,0.0,0.0,57.81420194845307,5.061189570052699,201.527959676425,2.2627016221118614,71.37575404218357,60.22544545478994,67.56802429068075,5.1,102.0,0.0,6.000000000000001,0.0
2025-07-23 15:03:03,91.38365425125136,4.4,0.0,0.0,0.0,57.09203455378253,4.895440786695354,186.57508763461956,1.4688641746830484,64.39490743160522,53.2308887562496,65.99414452558288,5.1,102.0,0.0,6.000000000000001,0.0
2025-07-23 21:03:03,90.58852062357367,4.4,0.0,0.0,0.0,57.03113873749649,4.951400353852057,181.40462501241623,1.4664786513905292,61.86938287479003,50.85767858882035,66.15807896123306,5.1,102.0,0.0,6.000000000000001,0.0
2025-07-24 03:03:03,92.81835997792659,4.4,0.0,0.0,0.0,58.22024305195717,5.279771406740408,204.36556449177937,2.3594299492731543,70.8593978953762,59.19808109616353,68.95320951156667,5.459332517492026,102.0,0.0,6.000000000000001,0.0
2025-07-24 09:03:03,87.6115911356007,4.4,0.0,0.0,0.0,53.61877817938344,5.01833584746582,196.40870141774428,1.4180777928343988,67.80407184932398,56.166453237663305,63.0564473973647,5.1,102.0,0.0,6.000000000000001,0.0
2025-07-24 15:03:03,86.71411389649978,4.4,0.0,0.0,0.0,52.89661078471289,4.852587064108475,181.45582937593883,0.6242403454055853,60.82322523874564,49.17189653912296,61.48256763226683,5.1,102.0,0.0,6.000000000000001,0.0
2025-07-24 21:03:03,85.91898026882208,4.4,0.0,0.0,0.0,52.835714968426856,4.908546631265177,176.28536675373556,0.6218548221130662,58.29770068193044,46.79868637169372,61.646502067917,5.1,102.0,0.0,6.000000000000001,0.0
2025-07-25 03:03:03,81.4309736913072,4.4,0.0,0.0,0.0,50.50667961922844,5.326483726961192,174.28804218654085,1.8010748223592001,61.742116543757476,50.240561086189444,62.83408801049578,5.504521285902226,102.0,0.0,6.000000000000001,0.0
2025-07-25 09:03:03,76.22420484898132,4.4,0.0,0.0,0.0,45.905214746654714,5.065048167686604,166.33117911250577,0.8597226659204446,58.68679049770526,47.20893322768922,56.93732589629381,5.1,102.0,0.0,6.000000000000001,0.0
2025-07-25 15:03:03,75.3267276098804,4.4,0.0,0.0,0.0,45.18304735198417,4.899299384329258,151.37830707070032,0.06588521849163098,51.70594388712692,40.214376529148886,55.363446131195936,5.1,102.0,0.0,6.000000000000001,0.0
2025-07-25 21:03:03,74.5315939822027,4.4,0.0,0.0,0.0,45.12215153569813,4.955258951485961,146.20784444849699,0.06349969519911203,49.18041933031172,37.84116636171964,55.527380566846105,5.1,102.0,0.0,6.000000000000001,0.0
2025-07-26 03:03:03,99.75586803739144,4.4,0.0,0.0,0.0,62.12182527630195,5.297949968450278,209.8859409668983,3.252135655709107,76.14670949497797,64.69964949421659,72.71403456009966,5.5448883894565215,102.0,0.0,6.000000000000001,0.0
2025-07-26 09:03:03,94.54909919506552,4.4,0.0,0.0,0.0,57.52036040372821,5.03651440917569,201.92907789286323,2.3107834992703515,73.09138344892575,61.66802163571637,66.8172724458977,5.1,102.0,0.0,6.000000000000001,0.0
2025-07-26 15:03:03,93.6516219559646,4.4,0.0,0.0,0.0,56.798193009057655,4.870765625818344,186.97620585105778,1.516946051841538,66.11053683834741,54.67346493717603,65.24339268079981,5.1,102.0,0.0,6.000000000000001,0.0
2025-07-26 21:03:03,92.8564883282869,4.4,0.0,0.0,0.0,56.73729719277163,4.926725192975048,181.80574322885445,1.514560528549019,63.58501228153221,52.30025476974678,65.40732711644999,5.1,102.0,0.0,6.000000000000001,0.0
2025-07-27 03:03:03,95.08632768263996,4.4,0.0,0.0,0.0,57.926401507232384,5.255096245863397,204.76668270821787,2.4075118264316524,72.5750273021185,60.64065727709006,68.20245766678369,5.426557140479736,102.0,0.0,6.000000000000001,0.0
2025-07-27 09:03:03,89.87955884031408,4.4,0.0,0.0,0.0,53.32493663465866,4.99366068658881,196.8098196341828,1.466159669992897,69.51970125606627,57.609029418589834,62.30569555258171,5.1,102.0,0.0,6.000000000000001,0.0
2025-07-27 15:03:03,88.98208160121315,4.4,0.0,0.0,0.0,52.60276923998812,4.827911903231464,181.85694759237734,0.6723222225640834,62.53885464548793,50.6144727200495,60.73181578748384,5.1,102.0,0.0,6.000000000000001,0.0
2025-07-27 21:03:03,88.18694797353545,4.4,0.0,0.0,0.0,52.54187342370208,4.883871470388167,176.68648497017406,0.6699366992715645,60.01333008867273,48.24126255262024,60.89575022313401,5.1,102.0,0.0,6.000000000000001,0.0
2025-07-28 03:03:03,83.69894139602047,4.4,0.0,0.0,0.0,50.2128380745036,5.301808566084182,174.68916040297916,1.8491566995176887,63.45774595049969,51.683137267115896,62.08333616571273,5.471745908889935,102.0,0.0,6.000000000000001,0.0
2025-07-28 09:03:03,78.49217255369459,4.4,0.0,0.0,0.0,45.61137320192988,5.0403730068095935,166.73229732894407,0.907804543078933,60.40241990444747,48.651509408615674,56.18657405151075,5.1,102.0,0.0,6.000000000000001,0.0
2025-07-28 15:03:03,77.59469531459366,4.4,0.0,0.0,0.0,44.88920580725932,4.8746242234522486,151.77942528713862,0.11396709565011948,53.42157329386912,41.65695271007534,54.61269428641288,5.1,102.0,0.0,6.000000000000001,0.0
2025-07-28 21:03:03,76.79956168691596,4.4,0.0,0.0,0.0,44.82830999097329,4.930583790608951,146.60896266493532,0.11158157235760052,50.896048737053924,39.28374254264608,54.77662872206305,5.1,102.0,0.0,6.000000000000001,0.0
2025-07-29 03:03:03,102.02383574210467,4.4,0.0,0.0,0.0,61.82798373157707,5.2732748075732685,210.2870591833365,3.300217532867597,77.86233890172016,66.14222567514302,71.96328271531661,5.512113012444232,102.0,0.0,6.000000000000001,0.0
2025-07-29 09:03:03,96.81706689977875,4.4,0.0,0.0,0.0,57.22651885900335,5.01183924829868,202.33019610930143,2.3588653764288408,74.80701285566794,63.1105978166428,66.06652060111463,5.1,102.0,0.0,6.000000000000001,0.0
2025-07-29 15:03:03,95.91958966067784,4.4,0.0,0.0,0.0,56.504351464332814,4.846090464941335,187.37732406749598,1.5650279290000277,67.8261662450896,56.116041118102466,64.49264083601676,5.1,102.0,0.0,6.000000000000001,0.0
2025-07-29 21:03:03,95.12445603300014,4.4,0.0,0.0,0.0,56.44345564804677,4.902050032098038,182.20686144529265,1.5626424057075086,65.3006416882744,53.74283095067321,64.65657527166694,5.1,102.0,0.0,6.000000000000001,0.0
2025-07-30 03:03:03,97.35429538735319,4.4,0.0,0.0,0.0,57.63255996250753,5.230421084986388,205.16780092465606,2.4555937035901394,74.29065670886065,62.08323345801647,67.4517058220006,5.393781763467446,102.0,0.0,6.000000000000001,0.0
2025-07-30 09:03:03,92.1475265450273,4.4,0.0,0.0,0.0,53.03109508993379,4.968985525711801,197.210937850621,1.5142415471513835,71.23533066280844,59.05160559951626,61.55494370779863,5.1,102.0,0.0,6.000000000000001,0.0
2025-07-30 15:03:03,91.25004930592638,4.4,0.0,0.0,0.0,52.30892769526325,4.803236742354454,182.25806580881556,0.7204040997225699,64.2544840522301,52.057048900975914,59.98106394270076,5.1,102.0,0.0,6.000000000000001,0.0
2025-07-30 21:03:03,90.45491567824868,4.4,0.0,0.0,0.0,52.248031878977216,4.859196309511158,177.08760318661228,0.718018576430051,61.72895949541489,49.683838733546665,60.14499837835093,5.1,102.0,0.0,6.000000000000001,0.0
2025-07-31 03:03:03,85.96690910073376,4.4,0.0,0.0,0.0,49.91899652977876,5.277133405207173,175.09027861941746,1.8972385766761772,65.17337535724191,53.12571344804235,61.33258432092967,5.438970531877646,102.0,0.0,6.000000000000001,0.0
2025-07-31 09:03:03,80.76014025840786,4.4,0.0,0.0,0.0,45.31753165720503,5.015697845932585,167.13341554538238,0.9558864202374214,62.11804931118969,50.094085589542125,55.4358222067277,5.1,102.0,0.0,6.000000000000001,0.0
2025-07-31 15:03:03,79.86266301930695,4.4,0.0,0.0,0.0,44.59536426253449,4.849949062575239,152.18054350357693,0.16204897280860797,55.13720270061134,43.09952889100179,53.86194244162982,5.1,102.0,0.0,6.000000000000001,0.0
2025-07-31 21:03:03,79.06752939162925,4.4,0.0,0.0,0.0,44.534468446248454,4.905908629731942,147.01008088137365,0.15966344951608902,52.61167814379614,40.72631872357254,54.02587687728,5.1,102.0,0.0,6.000000000000001,0.0
2025-08-01 03:03:03,104.291803446818,4.4,0.0,0.0,0.0,61.534142186852286,5.248599646696259,210.68817739977496,3.348299410026091,79.57796830846243,67.58480185606953,71.2125308705336,5.479337635431943,102.0,0.0,6.000000000000001,0.0
2025-08-01 09:03:03,99.08503460449212,4.4,0.0,0.0,0.0,56.932677314278564,4.987164087421671,202.73131432573987,2.4069472535873357,76.5226422624102,64.5531739975693,65.31576875633162,5.1,102.0,0.0,6.000000000000001,0.0
2025-08-01 15:03:03,98.1875573653912,4.4,0.0,0.0,0.0,56.210509919608015,4.821415304064325,187.77844228393442,1.6131098061585218,69.54179565183186,57.558617299028974,63.74188899123375,5.1,102.0,0.0,6.000000000000001,0.0
2025-08-01 21:03:03,97.3924237377135,4.4,0.0,0.0,0.0,56.14961410332197,4.877374871221027,182.60797966173115,1.610724282866003,67.01627109501666,55.185407131599725,63.90582342688392,5.1,102.0,0.0,6.000000000000001,0.0
2025-08-02 03:03:03,99.62226309206656,4.4,0.0,0.0,0.0,57.33871841778276,5.205745924109379,205.56891914109457,2.5036755807486375,76.00628611560295,63.525809638943,66.70095397721761,5.361006386455157,102.0,0.0,6.000000000000001,0.0
2025-08-02 09:03:03,94.41549424974066,4.4,0.0,0.0,0.0,52.73725354520902,4.944310364834791,197.6120560670595,1.5623234243098816,72.95096006955073,60.49418178044278,60.80419186301564,5.1,102.0,0.0,6.000000000000001,0.0
2025-08-02 15:03:03,93.51801701063975,4.4,0.0,0.0,0.0,52.01508615053847,4.778561581477446,182.65918402525406,0.768485976881068,65.97011345897238,53.499625081902444,59.23031209791777,5.1,102.0,0.0,6.000000000000001,0.0
2025-08-02 21:03:03,92.72288338296205,4.4,0.0,0.0,0.0,51.95419033425244,4.834521148634148,177.48872140305073,0.7661004535885492,63.44458890215718,51.126414914473195,59.39424653356794,5.1,102.0,0.0,6.000000000000001,0.0
2025-08-03 03:03:03,88.23487680544707,4.4,0.0,0.0,0.0,49.625154985053946,5.252458244330163,175.4913968358558,1.9453204538346727,66.88900476398415,54.568289628968834,60.58183247614665,5.406195154865357,102.0,0.0,6.000000000000001,0.0
2025-08-03 09:03:03,83.02810796312119,4.4,0.0,0.0,0.0,45.023690112480224,4.991022685055575,167.5345337618208,1.003968297395917,63.833678717931924,51.53666177046861,54.68507036194468,5.1,102.0,0.0,6.000000000000001,0.0
2025-08-03 15:03:03,82.13063072402025,4.4,0.0,0.0,0.0,44.30152271780968,4.825273901698229,152.58166172001535,0.21013084996710343,56.85283210735358,44.542105071928276,53.111190596846804,5.1,102.0,0.0,6.000000000000001,0.0
2025-08-03 21:03:03,81.33549709634256,4.4,0.0,0.0,0.0,44.24062690152364,4.881233468854933,147.41119909781202,0.20774532667458448,54.32730755053838,42.16889490449903,53.27512503249698,5.1,102.0,0.0,6.000000000000001,0.0
2025-08-04 03:03:03,106.55977115153135,4.4,0.0,0.0,0.0,61.2403006421275,5.223924485819249,211.0892956162134,3.3963812871845858,81.29359771520468,69.02737803699604,70.46177902575059,5.446562258419652,102.0,0.0,6.000000000000001,0.0
2025-08-04 09:03:03,101.35300230920546,4.4,0.0,0.0,0.0,56.63883576955378,4.962488926544661,203.13243254217835,2.45502913074583,78.23827166915247,65.99575017849583,64.56501691154861,5.1,102.0,0.0,6.000000000000001,0.0
2025-08-04 15:03:03,100.45552507010453,4.4,0.0,0.0,0.0,55.916668374883216,4.796740143187315,188.17956050037293,1.6611916833170164,71.25742505857413,59.001193479955475,62.99113714645074,5.1,102.0,0.0,6.000000000000001,0.0
2025-08-04 21:03:03,99.66039144242686,4.4,0.0,0.0,0.0,55.85577255859719,4.852699710344019,183.0090978781696,1.6588061600244974,68.73190050175893,56.627983312526226,63.155071582100916,5.1,102.0,0.0,6.000000000000001,0.0
2025-08-05 03:03:03,101.89023079677993,4.4,0.0,0.0,0.0,57.04487687305797,5.181070763232369,205.97003735753307,2.5517574579071356,77.72191552234523,64.96838581986954,65.95020213243463,5.3282310094428675,102.0,0.0,6.000000000000001,0.0
2025-08-05 09:03:03,96.68346195445406,4.4,0.0,0.0,0.0,52.44341200048425,4.919635203957781,198.01317428349802,1.6104053014683797,74.66658947629301,61.93675796136931,60.05344001823265,5.1,102.0,0.0,6.000000000000001,0.0
2025-08-05 15:03:03,95.78598471535312,4.4,0.0,0.0,0.0,51.7212446058137,4.753886420600436,183.06030224169257,0.8165678540395662,67.68574286571467,54.94220126282897,58.479560253134785,5.1,102.0,0.0,6.000000000000001,0.0
2025-08-05 21:03:03,94.99085108767542,4.4,0.0,0.0,0.0,51.66034878952766,4.809845987757138,177.88983961948924,0.8141823307470473,65.16021830889947,52.568991095399724,58.643494688784955,5.1,102.0,0.0,6.000000000000001,0.0
2025-08-06 03:03:03,90.50284451016039,4.4,0.0,0.0,0.0,49.33131344032915,5.227783083453153,175.89251505229421,1.9934023309931683,68.60463417072638,56.01086580989533,59.83108063136364,5.373419777853068,102.0,0.0,6.000000000000001,0.0
2025-08-06 09:03:03,85.2960756678345,4.4,0.0,0.0,0.0,44.729848567755425,4.966347524178565,167.93565197825913,1.0520501745544124,65.54930812467417,52.979237951395106,53.93431851716167,5.1,102.0,0.0,6.000000000000001,0.0
2025-08-06 15:03:03,84.39859842873358,4.4,0.0,0.0,0.0,44.00768117308487,4.800598740821219,152.98277993645368,0.258212727125599,58.56846151409583,45.98468125285477,52.36043875206379,5.1,102.0,0.0,6.000000000000001,0.0
2025-08-06 21:03:03,83.60346480105588,4.4,0.0,0.0,0.0,43.946785356798834,4.856558307977922,147.81231731425035,0.25582720383308005,56.04293695728063,43.61147108542552,52.52437318771398,5.1,102.0,0.0,6.000000000000001,0.0
2025-08-07 03:03:03,108.8277388562446,4.4,0.0,0.0,0.0,60.94645909740263,5.199249324942239,211.49041383265165,3.4444631643430754,83.00922712194688,70.46995421792248,69.71102718096755,5.413786881407363,102.0,0.0,6.000000000000001,0.0
2025-08-07 09:03:03,103.62097001391872,4.4,0.0,0.0,0.0,56.34499422482891,4.937813765667651,203.5335507586166,2.5031110079043195,79.95390107589466,67.43832635942225,63.814265066765564,5.1,102.0,0.0,6.000000000000001,0.0
2025-08-07 15:03:03,102.72349277481779,4.4,0.0,0.0,0.0,55.62282683015837,4.772064982310306,188.58067871681115,1.709273560475506,72.97305446531631,60.44376966088191,62.24038530166769,5.1,102.0,0.0,6.000000000000001,0.0
2025-08-07 21:03:03,101.9283591471401,4.4,0.0,0.0,0.0,55.56193101387233,4.828024549467009,183.41021609460782,1.7068880371829873,70.44752990850111,58.070559493452656,62.40431973731786,5.1,102.0,0.0,6.000000000000001,0.0
2025-08-08 03:03:03,104.15819850149316,4.4,0.0,0.0,0.0,56.75103532833311,5.15639560235536,206.3711555739713,2.5998393350656217,79.43754492908741,66.41096200079595,65.19945028765157,5.295455632430579,102.0,0.0,6.000000000000001,0.0
2025-08-08 09:03:03,98.95142965916727,4.4,0.0,0.0,0.0,52.149570455759374,4.894960043080772,198.4142924999362,1.6584871786268662,76.38221888303518,63.37933414229573,59.302688173449596,5.1,102.0,0.0,6.000000000000001,0.0
2025-08-08 15:03:03,98.05395242006634,4.4,0.0,0.0,0.0,51.42740306108883,4.729211259723426,183.46142045813076,0.8646497311980527,69.40137227245684,56.38477744375539,57.72880840835171,5.1,102.0,0.0,6.000000000000001,0.0
2025-08-08 21:03:03,97.25881879238867,4.4,0.0,0.0,0.0,51.3665072448028,4.785170826880129,178.29095783592743,0.8622642079055337,66.87584771564164,54.01156727632614,57.892742844001894,5.1,102.0,0.0,6.000000000000001,0.0
2025-08-09 03:03:03,92.77081221487371,4.4,0.0,0.0,0.0,49.037471895604334,5.2031079225761445,176.29363326873258,2.0414842081516635,70.32026357746864,57.453441990821815,59.080328786580644,5.3406444008407785,102.0,0.0,6.000000000000001,0.0
2025-08-09 09:03:03,87.56404337254781,4.4,0.0,0.0,0.0,44.43600702303061,4.9416723633015565,168.3367701946975,1.100132051712908,67.26493753141641,54.4218141323216,53.18356667237866,5.1,102.0,0.0,6.000000000000001,0.0
2025-08-09 15:03:03,86.6665661334469,4.4,0.0,0.0,0.0,43.71383962836007,4.775923579944211,153.38389815289204,0.3062946042840945,60.28409092083807,47.42725743378126,51.609686907280796,5.1,102.0,0.0,6.000000000000001,0.0
2025-08-09 21:03:03,85.8714325057692,4.4,0.0,0.0,0.0,43.652943812074035,4.831883147100913,148.2134355306887,0.3039090809915755,57.75856636402287,45.05404726635201,51.77362134293096,5.1,102.0,0.0,6.000000000000001,0.0
2025-08-10 03:03:03,111.09570656095784,4.4,0.0,0.0,0.0,60.65261755267778,5.17457416406523,211.89153204908988,3.492545041501565,84.72485652868906,71.9125303988489,68.9602753361845,5.381011504395074,102.0,0.0,6.000000000000001,0.0
2025-08-10 09:03:03,105.88893771863195,4.4,0.0,0.0,0.0,56.05115268010406,4.913138604790643,203.9346689750548,2.551192885062809,81.66953048263683,68.88090254034869,63.06351322198252,5.1,102.0,0.0,6.000000000000001,0.0
2025-08-10 15:03:03,104.99146047953104,4.4,0.0,0.0,0.0,55.32898528543352,4.747389821433297,188.98179693324934,1.7573554376339957,74.6886838720585,61.886345841808335,61.48963345688464,5.1,102.0,0.0,6.000000000000001,0.0
2025-08-10 21:03:03,104.19632685185333,4.4,0.0,0.0,0.0,55.268089469147476,4.803349388589999,183.811334311046,1.7549699143414768,72.1631593152433,59.51313567437909,61.65356789253482,5.1,102.0,0.0,6.000000000000001,0.0
2025-08-11 03:03:03,106.4261662062064,4.4,0.0,0.0,0.0,56.45719378360824,5.1317204414783495,206.77227379040949,2.6479212122241083,81.15317433582958,67.85353818172237,64.4486984428685,5.262680255418289,102.0,0.0,6.000000000000001,0.0
2025-08-11 09:03:03,101.21939736388049,4.4,0.0,0.0,0.0,51.85572891103451,4.870284882203762,198.81541071637443,1.7065690557853528,78.09784828977736,64.82191032322214,58.55193632866652,5.1,102.0,0.0,6.000000000000001,0.0
2025-08-11 15:03:03,100.32192012477957,4.4,0.0,0.0,0.0,51.13356151636396,4.704536098846416,183.86253867456898,0.9127316083565391,71.117001679199,57.827353624681805,56.97805656356866,5.1,102.0,0.0,6.000000000000001,0.0
2025-08-11 21:03:03,99.52678649710188,4.4,0.0,0.0,0.0,51.072665700077934,4.76049566600312,178.69207605236565,0.9103460850640201,68.59147712238381,55.454143457252556,57.14199099921882,5.1,102.0,0.0,6.000000000000001,0.0
2025-08-12 03:03:03,95.03877991958699,4.4,0.0,0.0,0.0,48.7436303508795,5.178432761699134,176.69475148517088,2.0895660853101523,72.03589298421083,58.89601817174827,58.329576941797605,5.307869023828489,102.0,0.0,6.000000000000001,0.0
2025-08-12 09:03:03,89.8320110772611,4.4,0.0,0.0,0.0,44.14216547830577,4.916997202424547,168.7378884111358,1.1482139288713964,68.98056693815862,55.864390313248045,52.43281482759563,5.1,102.0,0.0,6.000000000000001,0.0
2025-08-12 15:03:03,88.93453383816016,4.4,0.0,0.0,0.0,43.41999808363523,4.751248419067201,153.78501636933035,0.354376481442583,61.99972032758028,48.86983361470771,50.85893506249775,5.1,102.0,0.0,6.000000000000001,0.0
2025-08-12 21:03:03,88.13940021048248,4.4,0.0,0.0,0.0,43.359102267349186,4.807207986223903,148.61455374712708,0.351990958150064,59.47419577076507,46.49662344727846,51.02286949814793,5.1,102.0,0.0,6.000000000000001,0.0
2025-08-13 03:03:03,113.3636742656712,4.4,0.0,0.0,0.0,60.35877600795299,5.149899003188221,212.29265026552832,3.5406269186600596,86.44048593543133,73.35510657977541,68.20952349140148,5.348236127382785,102.0,0.0,6.000000000000001,0.0
2025-08-13 09:03:03,108.15690542334531,4.4,0.0,0.0,0.0,55.75731113537927,4.888463443913633,204.33578719149327,2.5992747622213033,83.38515988937911,70.3234787212752,62.312761377199514,5.1,102.0,0.0,6.000000000000001,0.0
2025-08-13 15:03:03,107.25942818424437,4.4,0.0,0.0,0.0,55.03514374070872,4.722714660556287,189.38291514968782,1.8054373147924903,76.40431327880077,63.32892202273485,60.73888161210164,5.1,102.0,0.0,6.000000000000001,0.0
2025-08-13 21:03:03,106.4642945565667,4.4,0.0,0.0,0.0,54.974247924422684,4.778674227712989,184.21245252748452,1.8030517914999713,73.87878872198556,60.9557118553056,60.90281604775181,5.1,102.0,0.0,6.000000000000001,0.0
2025-08-14 03:03:03,108.69413391091963,4.4,0.0,0.0,0.0,56.16335223888337,5.10704528060134,207.17339200684765,2.696003089382595,82.86880374257174,69.29611436264878,63.697946598085444,5.229904878405999,102.0,0.0,6.000000000000001,0.0
2025-08-14 09:03:03,103.48736506859372,4.4,0.0,0.0,0.0,51.56188736630964,4.8456097213267535,199.21652893281262,1.7546509329438391,79.81347769651953,66.26448650414856,57.80118448388346,5.1,102.0,0.0,6.000000000000001,0.0
2025-08-14 15:03:03,102.58988782949281,4.4,0.0,0.0,0.0,50.83971997163909,4.7,184.26365689100717,0.9608134855150257,72.83263108594119,59.26992980560822,56.22730471878559,5.1,102.0,0.0,6.000000000000001,0.0
2025-08-14 21:03:03,101.7947542018151,4.4,0.0,0.0,0.0,50.77882415535306,4.735820505126109,179.09319426880384,0.9584279622225066,70.30710652912599,56.89671963817897,56.391239154435766,5.1,102.0,0.0,6.000000000000001,0.0
2025-08-15 03:03:03,97.30674762430026,4.4,0.0,0.0,0.0,48.44978880615466,5.153757600822124,177.0958697016092,2.1376479624686406,73.75152239095304,60.338594352674725,57.57882509701455,5.275093646816199,102.0,0.0,6.000000000000001,0.0
2025-08-15 09:03:03,92.09997878197436,4.4,0.0,0.0,0.0,43.848323933580936,4.892322041547536,169.13900662757416,1.196295806029885,70.69619634490083,57.3069664941745,51.68206298281258,5.1,102.0,0.0,6.000000000000001,0.0
2025-08-15 15:03:03,91.20250154287345,4.4,0.0,0.0,0.0,43.12615653891039,4.726573258190191,154.1861345857687,0.4024583586010714,63.71534973432248,50.31240979563417,50.1081832177147,5.1,102.0,0.0,6.000000000000001,0.0
2025-08-15 21:03:03,90.40736791519575,4.4,0.0,0.0,0.0,43.06526072262435,4.782532825346894,149.01567196356538,0.4000728353085524,61.18982517750728,47.93919962820492,50.27211765336489,5.1,102.0,0.0,6.000000000000001,0.0
2025-08-16 03:03:03,115.63164197038444,4.4,0.0,0.0,0.0,60.06493446322814,5.125223842311211,212.69376848196654,3.5887087958185493,88.15611534217352,74.79768276070185,67.45877164661844,5.315460750370495,102.0,0.0,6.000000000000001,0.0
2025-08-16 09:03:03,110.42487312805856,4.4,0.0,0.0,0.0,55.46346959065441,4.863788283036623,204.73690540793146,2.6473566393797934,85.10078929612129,71.76605490220162,61.562009532416475,5.1,102.0,0.0,6.000000000000001,0.0
2025-08-16 15:03:03,109.52739588895763,4.4,0.0,0.0,0.0,54.74130219598386,4.7,189.784033366126,1.85351919195098,78.11994268554295,64.77149820366128,59.9881297673186,5.1,102.0,0.0,6.000000000000001,0.0
2025-08-16 21:03:03,108.73226226127993,4.4,0.0,0.0,0.0,54.68040637969783,4.753999066835981,184.61357074392274,1.851133668658461,75.59441812872775,62.39828803623204,60.15206420296877,5.1,102.0,0.0,6.000000000000001,0.0
2025-08-17 03:03:03,110.962101615633,4.4,0.0,0.0,0.0,55.86951069415859,5.082370119724331,207.57451022328615,2.744084966541093,84.58443314931402,70.73869054357532,62.94719475330246,5.19712950139371,102.0,0.0,6.000000000000001,0.0
2025-08-17 09:03:03,105.75533277330709,4.4,0.0,0.0,0.0,51.26804582158486,4.820934560449743,199.6176471492511,1.8027328101023372,81.52910710326181,67.70706268507509,57.05043263910048,5.1,102.0,0.0,6.000000000000001,0.0
2025-08-17 15:03:03,104.85785553420617,4.4,0.0,0.0,0.0,50.54587842691432,4.7,184.66477510744565,1.0088953626735235,74.54826049268347,60.71250598653475,55.47655287400261,5.1,102.0,0.0,6.000000000000001,0.0
2025-08-17 21:03:03,104.06272190652848,4.4,0.0,0.0,0.0,50.484982610628286,4.7111453442491005,179.49431248524235,1.0065098393810046,72.02273593586827,58.3392958191055,55.640487309652784,5.1,102.0,0.0,6.000000000000001,0.0
