timestamp,humidity_soil,ph_soil,ec_soil,n_soil,p_soil,k_soil,humidity_soil2,ph_soil2,ec_soil2,n_soil2,p_soil2,k_soil2,humidity_soil3,ph_soil3,ec_soil3,n_soil3,p_soil3,k_soil3
2025-06-14 09:00:00,0.0,0.0,0.0,0.0,0.0,0.0,0.0,0.0,0.0,0.0,0.0,0.0,0.0,0.0,0.0,0.0,0.0,0.0
2025-06-14 15:00:00,0.0,0.0,0.0,0.0,0.0,0.0,0.0,0.0,0.0,0.0,0.0,0.0,0.0,0.0,0.0,0.0,0.0,0.0
2025-06-14 21:00:00,0.0,0.0,0.0,0.0,0.0,0.0,0.0,0.0,0.0,0.0,0.0,0.0,0.0,0.0,0.0,0.0,0.0,0.0
2025-06-15 03:00:00,0.0,0.0,0.0,0.0,0.0,0.0,0.0,0.0,0.0,0.0,0.0,0.0,0.0,0.0,0.0,0.0,0.0,0.0
2025-06-15 09:00:00,0.0,0.0,0.0,0.0,0.0,0.0,0.0,0.0,0.0,0.0,0.0,0.0,0.0,0.0,0.0,0.0,0.0,0.0
2025-06-15 15:00:00,0.0,0.0,0.0,0.0,0.0,0.0,0.0,0.0,0.0,0.0,0.0,0.0,0.0,0.0,0.0,0.0,0.0,0.0
2025-06-15 21:00:00,0.0,0.0,0.0,0.0,0.0,0.0,0.0,0.0,0.0,0.0,0.0,0.0,0.0,0.0,0.0,0.0,0.0,0.0
2025-06-16 03:00:00,0.0,0.0,0.0,0.0,0.0,0.0,0.0,0.0,0.0,0.0,0.0,0.0,0.0,0.0,0.0,0.0,0.0,0.0
2025-06-16 09:00:00,0.0,0.0,0.0,0.0,0.0,0.0,0.0,0.0,0.0,0.0,0.0,0.0,0.0,0.0,0.0,0.0,0.0,0.0
2025-06-16 15:00:00,0.0,0.0,0.0,0.0,0.0,0.0,0.0,0.0,0.0,0.0,0.0,0.0,0.0,0.0,0.0,0.0,0.0,0.0
2025-06-16 21:00:00,0.0,0.0,0.0,0.0,0.0,0.0,0.0,0.0,0.0,0.0,0.0,0.0,0.0,0.0,0.0,0.0,0.0,0.0
2025-06-17 03:00:00,0.0,0.0,0.0,0.0,0.0,0.0,0.0,0.0,0.0,0.0,0.0,0.0,0.0,0.0,0.0,0.0,0.0,0.0
2025-06-17 09:00:00,0.0,0.0,0.0,0.0,0.0,0.0,0.0,0.0,0.0,0.0,0.0,0.0,0.0,0.0,0.0,0.0,0.0,0.0
2025-06-17 15:00:00,0.0,0.0,0.0,0.0,0.0,0.0,0.0,0.0,0.0,0.0,0.0,0.0,0.0,0.0,0.0,0.0,0.0,0.0
2025-06-17 21:00:00,0.0,0.0,0.0,0.0,0.0,0.0,0.0,0.0,0.0,0.0,0.0,0.0,0.0,0.0,0.0,0.0,0.0,0.0
2025-06-18 03:00:00,34.851051330566406,5.61599063873291,0.0,0.00842867512255907,0.0,0.0,42.07004165649414,5.4776506423950195,124.27177429199219,0.0,23.450950622558594,16.425180435180664,46.86509704589844,5.530941963195801,123.63131713867188,0.0,30.115877151489258,33.6351203918457
2025-06-18 09:00:00,40.02809524536133,5.792851448059082,16.374420166015625,0.0,1.4971882104873657,0.1869415044784546,43.06788635253906,5.622231960296631,136.90853881835938,0.0,30.5299129486084,24.15005874633789,47.15390396118164,5.702708721160889,177.8094482421875,0.0789785385131836,45.65571594238281,58.99492645263672
2025-06-18 15:00:00,42.648284912109375,5.692116737365723,28.243675231933594,0.0,1.8090986013412476,0.6648048758506775,44.56418991088867,5.616231441497803,143.2546844482422,0.0,32.745723724365234,26.712478637695312,47.30288314819336,5.672530174255371,180.87342834472656,3.6179304122924805,56.584495544433594,59.97146224975586
2025-06-18 21:00:00,43.844600677490234,5.452755928039551,33.10759353637695,0.0,0.8752351403236389,0.5868792533874512,44.36061096191406,5.5069146156311035,141.05462646484375,0.0,28.846715927124023,24.492490768432617,46.58882522583008,5.552076816558838,191.22369384765625,5.400496482849121,57.44158935546875,45.911949157714844
2025-06-19 03:00:00,48.75116729736328,5.4575419425964355,42.639984130859375,0.02371782623231411,0.20397019386291504,0.08508884906768799,48.859432220458984,5.5531206130981445,150.97677612304688,0.0,33.604881286621094,26.105937957763672,50.47292709350586,5.639917373657227,206.4817352294922,3.3753342628479004,61.963626861572266,53.907127380371094
2025-06-19 09:00:00,56.376853942871094,5.549614906311035,57.905662536621094,0.020494883880019188,1.0501916408538818,0.0,53.11450958251953,5.700227737426758,168.3855438232422,0.6437414288520813,43.077003479003906,35.98540496826172,53.61017990112305,5.851351261138916,267.3834228515625,13.911897659301758,72.66307067871094,78.27236938476562
2025-06-19 15:00:00,56.382102966308594,5.44404935836792,54.384742736816406,0.0013919193297624588,1.058500051498413,0.0,53.44480895996094,5.655200481414795,168.0589141845703,0.28047627210617065,43.868995666503906,35.96623611450195,53.23395919799805,5.798178672790527,255.31813049316406,17.360939025878906,78.1630859375,77.5575942993164
2025-06-19 21:00:00,50.030277252197266,5.318929195404053,41.48759460449219,0.0,0.8533026576042175,0.5623740553855896,50.352867126464844,5.5203537940979,153.30538940429688,0.0,35.024131774902344,29.592716217041016,51.5368766784668,5.5926432609558105,228.65431213378906,13.005196571350098,68.32862854003906,58.97869873046875
2025-06-20 03:00:00,47.76096725463867,5.358369827270508,27.893157958984375,0.0,0.49083495140075684,0.0,49.64266586303711,5.52295446395874,150.24729919433594,0.0,33.89125061035156,26.92397117614746,52.32368469238281,5.629837989807129,224.1351318359375,5.733154296875,62.802677154541016,58.124202728271484
2025-06-20 09:00:00,46.455020904541016,5.5775556564331055,21.119760513305664,0.0,1.2716209888458252,0.0013176202774047852,48.18370056152344,5.628983497619629,154.7241973876953,0.1467612385749817,36.35331344604492,31.554040908813477,51.68869400024414,5.744049072265625,246.00271606445312,11.816415786743164,66.70123291015625,71.98554992675781
2025-06-20 15:00:00,39.46287536621094,5.5932793617248535,8.446329116821289,0.0,0.6116394996643066,0.0,43.870262145996094,5.594710826873779,144.98971557617188,0.0,33.06845474243164,27.250673294067383,49.2743034362793,5.6367998123168945,202.31504821777344,8.247928619384766,66.3908462524414,61.211875915527344
2025-06-20 21:00:00,31.715961456298828,5.466696739196777,0.0,0.0,0.36211511492729187,0.0,40.1999626159668,5.490215301513672,130.37564086914062,0.0,25.16193199157715,21.50812339782715,46.61378860473633,5.480794429779053,173.70718383789062,2.437851905822754,54.466796875,42.18498611450195
2025-06-21 03:00:00,33.4471435546875,5.510506629943848,0.0,0.0,0.9908525943756104,0.0,42.007144927978516,5.530025959014893,131.32449340820312,0.0,26.315994262695312,18.90970802307129,48.351173400878906,5.526206970214844,170.25637817382812,0.0,48.41756057739258,37.853248596191406
2025-06-21 09:00:00,38.33664321899414,5.730906009674072,16.498807907104492,0.0,2.3955838680267334,0.17150425910949707,44.077362060546875,5.676797866821289,145.07882690429688,0.054241593927145004,33.68177032470703,26.879085540771484,49.30382537841797,5.722866535186768,217.7766876220703,6.17427396774292,57.28194046020508,59.49058151245117
2025-06-21 15:00:00,41.390602111816406,5.63525915145874,27.178260803222656,0.0,2.2125535011291504,0.1840926706790924,45.71711730957031,5.675874710083008,148.90347290039062,0.0,35.203983306884766,29.01768684387207,49.571224212646484,5.69718074798584,210.5218963623047,7.605228900909424,63.47342300415039,60.403663635253906
2025-06-21 21:00:00,43.040897369384766,5.419211387634277,32.06766128540039,0.0,1.604750156402588,0.6331189870834351,45.4177360534668,5.566254615783691,145.35108947753906,0.0,30.56707191467285,26.058046340942383,49.040096282958984,5.569960117340088,208.04644775390625,7.932561874389648,60.07405090332031,47.726627349853516
2025-06-22 03:00:00,47.8104362487793,5.434428691864014,41.26666259765625,0.014269915409386158,0.7960949540138245,0.09730339050292969,49.89734649658203,5.598315715789795,155.04261779785156,0.0966191291809082,35.028045654296875,27.191547393798828,52.15211868286133,5.656847953796387,218.6536102294922,4.971240997314453,63.61313247680664,56.57866287231445
2025-06-22 09:00:00,55.57521057128906,5.537513256072998,57.85679626464844,0.008908665738999844,1.6154248714447021,0.15063223242759705,54.1030158996582,5.74066162109375,172.16159057617188,0.819932222366333,44.349830627441406,36.98324203491211,54.57667541503906,5.862520217895508,273.9046630859375,15.538416862487793,75.89058685302734,80.7010269165039
2025-06-22 15:00:00,55.844905853271484,5.443063259124756,55.00909423828125,0.0,1.5651750564575195,0.28680115938186646,54.28154754638672,5.694209098815918,170.78309631347656,0.4567127227783203,45.25239181518555,36.964378356933594,54.26657485961914,5.809370517730713,261.8994445800781,18.297401428222656,79.89620971679688,78.92163848876953
2025-06-22 21:00:00,49.709495544433594,5.30817985534668,41.57649230957031,0.0,0.9908128976821899,0.7280744314193726,50.9150276184082,5.5585246086120605,155.5276336669922,0.01450204849243164,36.15248489379883,30.220935821533203,52.5956916809082,5.602325916290283,232.5687713623047,13.21951675415039,68.82637023925781,60.258148193359375
2025-06-23 03:00:00,47.53873062133789,5.344111442565918,27.723827362060547,0.0,0.7107068300247192,0.06518346071243286,50.260475158691406,5.552487850189209,152.54685974121094,0.0,34.57913589477539,27.486284255981445,53.116859436035156,5.635858535766602,228.17430114746094,6.1895060539245605,62.85042953491211,59.11680603027344
2025-06-23 09:00:00,46.24876022338867,5.570490837097168,21.100807189941406,0.0,1.3799285888671875,0.07476591318845749,48.967655181884766,5.661243438720703,157.3768310546875,0.19368058443069458,37.07966613769531,32.231285095214844,52.3597526550293,5.747428894042969,250.3033447265625,12.300505638122559,67.15084838867188,72.73161315917969
2025-06-23 15:00:00,39.38621520996094,5.585796356201172,8.2897367477417,0.0,0.5814794898033142,0.0,44.536224365234375,5.618716239929199,147.05775451660156,0.0,33.87824249267578,27.8839111328125,49.89027786254883,5.639956951141357,206.05142211914062,8.714393615722656,66.23307800292969,61.935089111328125
2025-06-23 21:00:00,31.711265563964844,5.461254596710205,0.0,0.0,0.29321762919425964,0.0,40.817543029785156,5.511631488800049,131.8714141845703,0.0,25.67072296142578,21.982994079589844,47.266353607177734,5.4831085205078125,175.23912048339844,2.423373222351074,53.93085479736328,42.97914123535156
2025-06-24 03:00:00,33.57558822631836,5.503282070159912,0.0,0.0,0.9556732177734375,0.0,42.45933532714844,5.544430732727051,133.22169494628906,0.0,26.82530403137207,19.233875274658203,48.78396987915039,5.528429985046387,172.69808959960938,0.0,48.12458801269531,38.584651947021484
2025-06-24 09:00:00,38.595558166503906,5.726237773895264,16.648473739624023,0.0,2.301680564880371,0.21297812461853027,44.48712921142578,5.685606479644775,146.83766174316406,0.1007431149482727,34.25009536743164,27.184803009033203,49.63398361206055,5.724270820617676,220.20704650878906,6.280551433563232,57.17019271850586,59.90290832519531
2025-06-24 15:00:00,41.768924713134766,5.631450653076172,27.503820419311523,0.0,2.0818355083465576,0.23135392367839813,46.11650848388672,5.6844353675842285,150.1962127685547,0.0,35.69103240966797,29.277177810668945,49.870025634765625,5.698891639709473,212.1692657470703,7.718001842498779,63.34960174560547,60.88924026489258
2025-06-24 21:00:00,43.351661682128906,5.413254737854004,32.59211349487305,0.0,1.5175137519836426,0.6721556186676025,45.79549026489258,5.573890686035156,146.494140625,0.0,30.94682502746582,26.224681854248047,49.36906051635742,5.572592258453369,208.85110473632812,7.866793632507324,59.63782501220703,48.492984771728516
2025-06-25 03:00:00,48.24237823486328,5.424967288970947,41.79390335083008,0.015356967225670815,0.7197914123535156,0.131233811378479,50.234493255615234,5.604562282562256,156.45761108398438,0.13046163320541382,35.36577606201172,27.381994247436523,52.399967193603516,5.658934593200684,220.16677856445312,4.968975067138672,63.38386917114258,57.22785568237305
2025-06-25 09:00:00,56.030364990234375,5.527677536010742,58.32330322265625,0.009840782731771469,1.5455632209777832,0.15942497551441193,54.41732406616211,5.744463920593262,173.65985107421875,0.857333242893219,44.686519622802734,37.167415618896484,54.750999450683594,5.864588260650635,275.0954895019531,15.583044052124023,75.93629455566406,81.40235900878906
2025-06-25 15:00:00,56.33328628540039,5.435889720916748,55.37554168701172,0.0,1.439447283744812,0.25000736117362976,54.60313034057617,5.696866512298584,172.13587951660156,0.497791588306427,45.68523025512695,37.13187789916992,54.445579528808594,5.811361312866211,262.7445068359375,18.2991886138916,79.86021423339844,79.53533172607422
2025-06-25 21:00:00,50.209808349609375,5.302304744720459,41.9423828125,0.0,0.8555591106414795,0.6808052659034729,51.19856262207031,5.561287879943848,156.41317749023438,0.058079928159713745,36.49886703491211,30.29799461364746,52.856414794921875,5.604002952575684,232.7788848876953,13.119205474853516,68.45914459228516,60.83983612060547
2025-06-26 03:00:00,47.9721565246582,5.336783409118652,28.164369583129883,0.0,0.5932155847549438,0.046062350273132324,50.568016052246094,5.558569431304932,153.99276733398438,0.0,34.8701286315918,27.600139617919922,53.29149627685547,5.636720180511475,228.8984375,6.174946308135986,62.54804611206055,59.740455627441406
2025-06-26 09:00:00,46.755470275878906,5.5619635581970215,21.53411865234375,0.0,1.2672971487045288,0.08641841262578964,49.348670959472656,5.667647838592529,158.94357299804688,0.2070135772228241,37.42214584350586,32.388023376464844,52.58171463012695,5.747489929199219,251.5971221923828,12.368678092956543,67.1362533569336,73.43194580078125
2025-06-26 15:00:00,39.89951705932617,5.580631256103516,8.872727394104004,0.0,0.4330192804336548,0.0,44.935543060302734,5.623475551605225,148.42724609375,0.0,34.255035400390625,28.072898864746094,50.136634826660156,5.639909744262695,207.43798828125,8.84347152709961,66.08612060546875,62.678428649902344
2025-06-26 21:00:00,32.08970642089844,5.4593610763549805,0.0,0.0,0.18413767218589783,0.0,41.1798210144043,5.5152764320373535,132.8614959716797,0.0,25.930866241455078,22.087051391601562,47.53060531616211,5.4843950271606445,175.7298583984375,2.356018543243408,53.39077377319336,43.51063537597656
2025-06-27 03:00:00,33.94742965698242,5.496222496032715,0.0,0.0,0.878257155418396,0.0,42.7635498046875,5.547292709350586,134.72987365722656,0.0,27.12423324584961,19.364294052124023,48.97889709472656,5.529757976531982,173.8201446533203,0.0,47.8202018737793,39.18687057495117
2025-06-27 09:00:00,39.05787658691406,5.718568801879883,17.006567001342773,0.0,2.217130661010742,0.2665376663208008,44.802894592285156,5.687186241149902,148.28826904296875,0.1317191869020462,34.62288284301758,27.320148468017578,49.814117431640625,5.72529935836792,221.47064208984375,6.2864556312561035,56.97743225097656,60.373226165771484
2025-06-27 15:00:00,42.257686614990234,5.62444543838501,28.11594009399414,0.0,1.9763596057891846,0.28127261996269226,46.434471130371094,5.686886787414551,151.27008056640625,0.029559984803199768,36.0445671081543,29.392040252685547,50.07143020629883,5.700257778167725,212.99899291992188,7.736184120178223,63.147972106933594,61.41357421875
2025-06-27 21:00:00,43.7342529296875,5.404608249664307,33.25292205810547,0.0,1.4662587642669678,0.7038370966911316,46.118408203125,5.576112270355225,147.41156005859375,0.0,31.23097801208496,26.28902244567871,49.60192108154297,5.574958324432373,209.2737579345703,7.755792617797852,59.23297119140625,49.195125579833984
2025-06-28 03:00:00,48.707679748535156,5.412611961364746,42.429691314697266,0.016296615824103355,0.6857061982154846,0.15983331203460693,50.53739929199219,5.608551025390625,157.76300048828125,0.16036465764045715,35.65528869628906,27.52362060546875,52.59630584716797,5.660815715789795,221.40310668945312,4.927365303039551,63.154544830322266,57.83821105957031
2025-06-28 09:00:00,56.498870849609375,5.514894485473633,58.871036529541016,0.010312512516975403,1.51560378074646,0.17665410041809082,54.706321716308594,5.747099876403809,175.08041381835938,0.8917399644851685,44.98186492919922,37.312889099121094,54.93111801147461,5.866322040557861,276.2349548339844,15.55233383178711,75.82964324951172,81.97476959228516
2025-06-28 15:00:00,56.823665618896484,5.426856994628906,55.86857223510742,0.0,1.3501935005187988,0.220778688788414,54.90398406982422,5.698544502258301,173.4408721923828,0.5352065563201904,46.078311920166016,37.266014099121094,54.60903549194336,5.813106060028076,263.4933776855469,18.26900291442871,79.73784637451172,80.1133041381836
2025-06-28 21:00:00,50.7150764465332,5.29459810256958,42.41817855834961,0.0,0.7484403848648071,0.6306470036506653,51.469871520996094,5.563070297241211,157.26046752929688,0.09484535455703735,36.81662368774414,30.35299301147461,53.09608459472656,5.605480670928955,232.953125,13.019036293029785,68.04808044433594,61.3830680847168
2025-06-29 03:00:00,48.41000747680664,5.328010559082031,28.661205291748047,0.0,0.5005627870559692,0.024927914142608643,50.89306640625,5.5639777183532715,155.38623046875,0.0,35.119686126708984,27.71525001525879,53.450843811035156,5.637458801269531,229.5407257080078,6.15364408493042,62.2286262512207,60.34768295288086
2025-06-29 09:00:00,47.2585563659668,5.552402019500732,22.018524169921875,0.0,1.1740825176239014,0.10045859962701797,49.72294998168945,5.673363208770752,160.47396850585938,0.21986359357833862,37.74433517456055,32.53428268432617,52.7926139831543,5.74745512008667,252.81561279296875,12.429174423217773,67.10865783691406,74.12522888183594
2025-06-29 15:00:00,40.408538818359375,5.574494361877441,9.487129211425781,0.0,0.2998669147491455,0.0,45.32547378540039,5.627718925476074,149.77793884277344,0.0,34.61701202392578,28.24986457824707,50.37245178222656,5.639801502227783,208.76625061035156,8.965057373046875,65.94381713867188,63.415855407714844
2025-06-29 21:00:00,32.465980529785156,5.456830024719238,0.0,0.0,0.0845688134431839,0.0,41.53581237792969,5.518476486206055,133.8351287841797,0.0,26.181621551513672,22.18291473388672,47.783790588378906,5.485656261444092,176.18997192382812,2.2873525619506836,52.85902786254883,44.03437805175781
2025-06-30 03:00:00,34.31718444824219,5.488716125488281,0.0,0.0,0.8092800378799438,0.0,43.06660079956055,5.550058841705322,136.250732421875,0.0,27.404638290405273,19.487186431884766,49.166053771972656,5.53106164932251,174.89756774902344,0.0,47.515872955322266,39.78590774536133
2025-06-30 09:00:00,39.51625442504883,5.710524559020996,17.36775016784668,0.0,2.137490749359131,0.3195855915546417,45.11486053466797,5.688678741455078,149.73828125,0.1622837483882904,34.985225677490234,27.450529098510742,49.988494873046875,5.726291656494141,222.68748474121094,6.2901291847229,56.78498840332031,60.842979431152344
2025-06-30 15:00:00,42.74223709106445,5.617208480834961,28.73253631591797,0.0,1.8737688064575195,0.3298887014389038,46.7459831237793,5.689029693603516,152.38026428222656,0.06298945099115372,36.40536117553711,29.50299644470215,50.26762390136719,5.701580047607422,213.78671264648438,7.751281261444092,62.949012756347656,61.93527603149414
2025-06-30 21:00:00,44.13608932495117,5.396973133087158,33.8205680847168,0.0,1.390074372291565,0.7257969975471497,46.43693542480469,5.578171730041504,148.33433532714844,0.0,31.51485252380371,26.351980209350586,49.828975677490234,5.577286243438721,209.6541748046875,7.640334606170654,58.830501556396484,49.897674560546875
2025-07-01 03:00:00,49.17463302612305,5.400538921356201,43.028987884521484,0.017214162275195122,0.645254909992218,0.1855250597000122,50.835365295410156,5.612473011016846,159.0670928955078,0.1903374195098877,35.943565368652344,27.66390609741211,52.78826141357422,5.662667274475098,222.6034393310547,4.884411811828613,62.919776916503906,58.44610595703125
2025-07-01 09:00:00,56.94926071166992,5.503300666809082,59.351173400878906,0.011806453578174114,1.4628045558929443,0.16936855018138885,54.99028015136719,5.749739646911621,176.49642944335938,0.9261876344680786,45.27507019042969,37.457298278808594,55.10774612426758,5.868035793304443,277.34552001953125,15.521086692810059,75.7104721069336,82.54443359375
2025-07-01 15:00:00,57.30259704589844,5.4182939529418945,56.331356048583984,0.0,1.2547589540481567,0.18391339480876923,55.199546813964844,5.700258731842041,174.7409210205078,0.5726321935653687,46.46794509887695,37.40005111694336,54.7912483215332,5.814969062805176,264.2760314941406,18.250402450561523,79.52007293701172,80.70838928222656
2025-07-01 21:00:00,51.20651626586914,5.2871413230896,42.880287170410156,0.0,0.6440821290016174,0.5721925497055054,51.73700714111328,5.564888954162598,158.1047821044922,0.1314634382724762,37.13153839111328,30.408973693847656,53.33673858642578,5.606943607330322,233.1773681640625,12.935098648071289,67.59842681884766,61.90869903564453
2025-07-02 03:00:00,48.862464904785156,5.318594932556152,29.125329971313477,0.0,0.4189895987510681,0.0,51.21238327026367,5.569246768951416,156.77027893066406,0.0,35.367122650146484,27.827348709106445,53.634544372558594,5.6376118659973145,230.3863983154297,6.172661781311035,61.96304702758789,61.0005989074707
2025-07-02 09:00:00,47.74468231201172,5.544086933135986,22.424997329711914,0.0,1.0541006326675415,0.07911664992570877,50.09295654296875,5.679054260253906,161.9994659423828,0.232907235622406,38.06559753417969,32.680442810058594,53.00955581665039,5.747206687927246,254.10687255859375,12.505754470825195,67.11158752441406,74.82899475097656
2025-07-02 15:00:00,40.884498596191406,5.566278457641602,9.917828559875488,0.0,0.18733471632003784,0.0,45.71198654174805,5.6319684982299805,151.12574768066406,0.0,34.97814178466797,28.428361892700195,50.60798263549805,5.63961935043335,210.1304168701172,9.094254493713379,65.82610321044922,64.15171813964844
2025-07-02 21:00:00,32.830345153808594,5.4536662101745605,0.0,0.0,0.0,0.0,41.86015319824219,5.52188777923584,134.78695678710938,0.0,26.453277587890625,22.276620864868164,48.03435516357422,5.486882209777832,176.66738891601562,2.2244925498962402,52.34611892700195,44.55380630493164
2025-07-03 03:00:00,34.6817626953125,5.481056213378906,0.0,0.0,0.7441208958625793,0.0,43.35905838012695,5.5528883934021,137.7658233642578,0.0,27.691497802734375,19.610050201416016,49.35038375854492,5.53235387802124,175.9720001220703,0.0,47.21741485595703,40.38440704345703
2025-07-03 09:00:00,39.97284698486328,5.702455997467041,17.723129272460938,0.0,2.058833122253418,0.3731635808944702,45.44695281982422,5.691709995269775,151.24365234375,0.1892978399991989,35.33540725708008,27.58478355407715,50.16053771972656,5.72725248336792,223.8883056640625,6.294154644012451,56.59803009033203,61.310787200927734
2025-07-03 15:00:00,43.22564697265625,5.609997749328613,29.34296417236328,0.0,1.7709685564041138,0.3788398504257202,47.055870056152344,5.690867900848389,153.6646270751953,0.09471302479505539,36.81618881225586,29.614688873291016,50.46112823486328,5.702866554260254,214.55239868164062,7.765904426574707,62.75607681274414,62.45355987548828
2025-07-03 21:00:00,44.5772590637207,5.390684604644775,34.32024002075195,0.0,1.2860405445098877,0.7315057516098022,46.7529296875,5.580188274383545,149.3056182861328,0.0,31.81307601928711,26.416921615600586,50.052452087402344,5.579581260681152,210.00267028808594,7.52239465713501,58.43085479736328,50.60184097290039
2025-07-04 03:00:00,49.650062561035156,5.3888726234436035,43.598609924316406,0.018135547637939453,0.595920741558075,0.20594143867492676,51.12949752807617,5.616396427154541,160.3839874267578,0.22053775191307068,36.2360725402832,27.80461311340332,52.97721862792969,5.664492607116699,223.77491760253906,4.841425895690918,62.67959213256836,59.05284881591797
2025-07-04 09:00:00,57.40073013305664,5.493488311767578,59.771217346191406,0.014133691787719727,1.3810648918151855,0.15085947513580322,55.269874572753906,5.752429485321045,177.9135284423828,0.9608027935028076,45.56878662109375,37.60208511352539,55.28165817260742,5.8697309494018555,278.4312438964844,15.490457534790039,75.58015441894531,83.11201477050781
2025-07-04 15:00:00,57.780086517333984,5.409233570098877,56.68613052368164,0.0,1.1581323146820068,0.1608705371618271,55.514102935791016,5.70272159576416,176.061279296875,0.6127057075500488,46.84922790527344,37.557735443115234,54.970516204833984,5.816777229309082,265.0341491699219,18.231735229492188,79.30073547363281,81.29749298095703
2025-07-04 21:00:00,51.69404983520508,5.279573917388916,43.30595397949219,0.0,0.5387354493141174,0.5172390341758728,52.00772476196289,5.56699800491333,158.9556121826172,0.16901493072509766,37.4436149597168,30.474071502685547,53.574058532714844,5.6083526611328125,233.3800811767578,12.851850509643555,67.14906311035156,62.42890930175781
2025-07-05 03:00:00,49.35234832763672,5.311367034912109,29.395648956298828,0.003240095917135477,0.285678893327713,0.0,51.53086853027344,5.574672222137451,158.158935546875,0.0,35.61503982543945,27.944395065307617,53.836509704589844,5.637289524078369,231.36825561523438,6.220332145690918,61.74724578857422,61.691585540771484
2025-07-05 09:00:00,48.23838806152344,5.536576747894287,22.75969696044922,0.0,0.9144119024276733,0.060564447194337845,50.4605827331543,5.684839248657227,163.525390625,0.24628129601478577,38.38711166381836,32.82978057861328,53.23100662231445,5.746780872344971,255.44459533691406,12.593915939331055,67.13984680175781,75.54052734375
2025-07-05 15:00:00,41.36188507080078,5.557876110076904,10.295083045959473,0.0,0.07144433259963989,0.0,46.095787048339844,5.63627815246582,152.47265625,0.0,35.339176177978516,28.60995864868164,50.84293746948242,5.639379024505615,211.51669311523438,9.228955268859863,65.7281494140625,64.8856430053711
2025-07-05 21:00:00,33.19440841674805,5.450423240661621,0.0,0.0,0.0,0.0,42.175926208496094,5.525245666503906,135.72467041015625,0.0,26.729049682617188,22.368104934692383,48.28217315673828,5.48807954788208,177.15528869628906,2.166426658630371,51.84918212890625,45.06916809082031
2025-07-06 03:00:00,35.04483413696289,5.473384857177734,0.0,0.0,0.7043630480766296,0.0,43.65092849731445,5.555766582489014,139.27647399902344,0.0,27.980558395385742,19.73670768737793,49.53187561035156,5.53363561630249,177.0391387939453,0.0,46.92293930053711,40.982208251953125
2025-07-06 09:00:00,40.42815399169922,5.694370746612549,18.074918746948242,0.0,1.9883670806884766,0.4268817603588104,45.78717041015625,5.695366382598877,152.7831573486328,0.2140304297208786,35.667823791503906,27.7186279296875,50.33018112182617,5.728182315826416,225.07017517089844,6.29832649230957,56.415138244628906,61.77663803100586
2025-07-06 15:00:00,43.70854187011719,5.602231502532959,29.91039276123047,0.0,1.6746107339859009,0.43625733256340027,47.36482238769531,5.692946910858154,154.95599365234375,0.12581148743629456,37.21950149536133,29.72693634033203,50.6518440246582,5.704116344451904,215.29486083984375,7.779951095581055,62.568180084228516,62.96849822998047
2025-07-06 21:00:00,45.01668167114258,5.384247779846191,34.80458450317383,0.0,1.1836830377578735,0.7394187450408936,47.06620788574219,5.582328796386719,150.27627563476562,0.0,32.10772705078125,26.483354568481445,50.27227783203125,5.581843376159668,210.31935119628906,7.4019694328308105,58.03376770019531,51.30738067626953
2025-07-07 03:00:00,50.12226104736328,5.3772196769714355,44.15681838989258,0.019041815772652626,0.5471075773239136,0.2272772192955017,51.419795989990234,5.620380878448486,161.69691467285156,0.2508530616760254,36.52657699584961,27.945091247558594,53.163089752197266,5.666293144226074,224.91741943359375,4.79833984375,62.43387222290039,59.6583137512207
2025-07-07 09:00:00,57.85480499267578,5.484336853027344,60.172637939453125,0.016509663313627243,1.2925758361816406,0.13749848306179047,55.545040130615234,5.755184173583984,179.3248748779297,0.9954366683959961,45.860713958740234,37.746700286865234,55.49767303466797,5.870458602905273,279.8419494628906,15.51772689819336,75.55213928222656,83.77444458007812
2025-07-07 15:00:00,58.25543975830078,5.399928569793701,56.98744201660156,0.0,1.0633631944656372,0.1478368490934372,55.862220764160156,5.706340789794922,177.4129180908203,0.6568441987037659,47.217281341552734,37.752418518066406,55.21066665649414,5.817205905914307,266.2857971191406,18.297975540161133,79.2541732788086,82.019775390625
2025-07-07 21:00:00,52.17747497558594,5.271982192993164,43.7125244140625,0.0,0.43369168043136597,0.46505987644195557,52.28665542602539,5.569523811340332,159.81674194335938,0.2079993486404419,37.751861572265625,30.552610397338867,53.83006286621094,5.609320163726807,233.76438903808594,12.8007230758667,66.77447509765625,62.98155212402344
2025-07-08 03:00:00,49.83832550048828,5.304208755493164,29.656156539916992,0.006491389591246843,0.15285724401474,0.0,51.85025405883789,5.5803046226501465,159.55360412597656,0.0,35.86317825317383,28.068008422851562,54.0449104309082,5.6368255615234375,232.43734741210938,6.287529468536377,61.57182312011719,62.396888732910156
2025-07-08 09:00:00,48.72889709472656,5.529110908508301,23.0863037109375,0.0,0.7751250863075256,0.042043913155794144,50.82654571533203,5.690741539001465,165.05230712890625,0.2600095868110657,38.70885467529297,32.98310089111328,53.45487594604492,5.746286869049072,256.83660888671875,12.693669319152832,67.20060729980469,76.25495910644531
2025-07-08 15:00:00,41.83704376220703,5.5494914054870605,10.669583320617676,0.0,0.0,0.0,46.47710418701172,5.640656471252441,153.818603515625,0.0,35.7001838684082,28.795063018798828,51.07757568359375,5.639121055603027,212.9438018798828,9.370881080627441,65.65665435791016,65.6174545288086
2025-07-08 21:00:00,33.55720901489258,5.447123050689697,0.0,0.0,0.0,0.0,42.47466278076172,5.528018474578857,136.6002197265625,0.0,27.01388168334961,22.440692901611328,48.527976989746094,5.489265441894531,177.66497802734375,2.1143174171447754,51.373382568359375,45.581600189208984
2025-07-09 03:00:00,35.40648651123047,5.465694427490234,0.27010250091552734,0.0,0.6645352840423584,0.0,43.990821838378906,5.559247970581055,140.7584686279297,0.0,28.285446166992188,19.924652099609375,49.71107864379883,5.534923553466797,178.1073760986328,0.0,46.635406494140625,41.58052444458008
2025-07-09 09:00:00,40.88311004638672,5.68599796295166,18.520118713378906,0.0,1.9101355075836182,0.47378066182136536,46.1500244140625,5.699747085571289,154.36428833007812,0.23581068217754364,35.97456741333008,27.866111755371094,50.4980354309082,5.729093074798584,226.24014282226562,6.30307149887085,56.23845291137695,62.24094009399414
2025-07-09 15:00:00,44.194217681884766,5.592937469482422,30.41448211669922,0.0,1.5851812362670898,0.5121189951896667,47.677406311035156,5.695306301116943,156.2576904296875,0.15621161460876465,37.61357879638672,29.844579696655273,50.84032440185547,5.7053399085998535,216.0193634033203,7.7939372062683105,62.38654327392578,63.48054885864258
2025-07-09 21:00:00,45.455753326416016,5.3773345947265625,35.268829345703125,0.0,1.0831694602966309,0.7526713013648987,47.37843704223633,5.584617614746094,151.24810791015625,0.024848252534866333,32.39841842651367,26.55333709716797,50.48895263671875,5.584076881408691,210.60726928710938,7.279589653015137,57.639915466308594,52.0147819519043
2025-07-10 03:00:00,50.592288970947266,5.364887714385986,44.654685974121094,0.019715476781129837,0.5016245245933533,0.2586313784122467,51.70886993408203,5.624429702758789,163.01541137695312,0.2889453172683716,36.81813049316406,28.089126586914062,53.350555419921875,5.667972564697266,226.0040283203125,4.76263952255249,62.179073333740234,60.2398567199707
2025-07-10 09:00:00,58.30380630493164,5.475022315979004,60.544654846191406,0.01878020539879799,1.2059931755065918,0.1276557296514511,55.8179817199707,5.758013725280762,180.73904418945312,1.032670259475708,46.154014587402344,37.89541244506836,55.7215461730957,5.870944976806641,281.29095458984375,15.5596923828125,75.53540802001953,84.44732666015625
2025-07-10 15:00:00,58.721309661865234,5.390924453735352,57.258705139160156,0.0010066460818052292,0.9642668962478638,0.13016049563884735,56.20615005493164,5.710014820098877,178.76254272460938,0.7018887996673584,47.58526611328125,37.950645446777344,55.46000671386719,5.817332744598389,267.6071472167969,18.38067054748535,79.2383804321289,82.75882720947266
2025-07-10 21:00:00,52.654056549072266,5.2645158767700195,44.10824203491211,0.0,0.32732051610946655,0.4111834168434143,52.56212615966797,5.572113990783691,160.6761016845703,0.24738571047782898,38.059417724609375,30.63494873046875,54.08686447143555,5.610166072845459,234.16641235351562,12.756540298461914,66.41499328613281,63.534706115722656
2025-07-11 03:00:00,50.31857681274414,5.297144889831543,29.909854888916016,0.009720894508063793,0.02015131711959839,0.0,52.16642379760742,5.586012363433838,160.9481964111328,0.0,36.112098693847656,28.19488525390625,54.2528076171875,5.636301040649414,233.5059814453125,6.3607892990112305,61.40331268310547,63.09942626953125
2025-07-11 09:00:00,49.215084075927734,5.521674633026123,23.406219482421875,0.0,0.6360700130462646,0.02358742617070675,51.18914794921875,5.6966986656188965,166.57615661621094,0.27406156063079834,39.03058624267578,33.139068603515625,53.676658630371094,5.745703220367432,258.21112060546875,12.797143936157227,67.27580261230469,76.9566650390625
2025-07-11 15:00:00,42.30946731567383,5.541104793548584,11.042086601257324,0.0,0.0,0.0,46.855064392089844,5.645074367523193,155.1607666015625,0.0,36.06056213378906,28.98299789428711,51.309410095214844,5.638839244842529,214.364990234375,9.514695167541504,65.59769439697266,66.3406753540039
2025-07-11 21:00:00,33.9371452331543,5.443305969238281,0.0,0.0,0.0,0.0,42.7710075378418,5.530823707580566,137.47447204589844,0.0,27.29793357849121,22.51569938659668,48.770050048828125,5.490437030792236,178.17364501953125,2.065460681915283,50.9102897644043,46.088096618652344
2025-07-12 03:00:00,35.77243423461914,5.457810878753662,0.7271925210952759,0.0,0.62498539686203,0.0,44.328453063964844,5.56275749206543,142.23892211914062,0.0,28.589868545532227,20.113534927368164,49.887001037597656,5.536200046539307,179.162353515625,0.0,46.3502082824707,42.17655563354492
2025-07-12 09:00:00,41.33946228027344,5.6773271560668945,19.030405044555664,0.0,1.826883316040039,0.5160660147666931,46.50946044921875,5.704167366027832,155.94024658203125,0.25770795345306396,36.28019714355469,28.015071868896484,50.66319274902344,5.729973793029785,227.38796997070312,6.3078179359436035,56.06453323364258,62.70258331298828
2025-07-12 15:00:00,44.680015563964844,5.583464622497559,30.939456939697266,0.0,1.4947233200073242,0.5864456295967102,47.985939025878906,5.697729110717773,157.5543670654297,0.1867259293794632,38.00514602661133,29.963825225830078,51.02581787109375,5.706529140472412,216.7203369140625,7.8073859214782715,62.20901870727539,63.98891067504883
2025-07-12 21:00:00,45.89393997192383,5.370331287384033,35.73965072631836,0.0,0.982390820980072,0.7647613883018494,47.68657684326172,5.586951732635498,152.2127685546875,0.05820755660533905,32.68718338012695,26.624788284301758,50.70183181762695,5.58627986907959,210.86448669433594,7.154975414276123,57.24850082397461,52.722774505615234
2025-07-13 03:00:00,51.04112243652344,5.353886604309082,45.086605072021484,0.021769024431705475,0.4277768135070801,0.25822192430496216,51.99436950683594,5.62851095199585,164.329833984375,0.32971036434173584,37.108882904052734,28.234128952026367,53.542354583740234,5.669450283050537,227.01193237304688,4.7392802238464355,61.912288665771484,60.779029846191406
2025-07-13 09:00:00,58.78177261352539,5.46835470199585,60.70655822753906,0.022905271500349045,1.0596988201141357,0.09088867902755737,56.09898376464844,5.761234760284424,182.15951538085938,1.072000503540039,46.44284439086914,38.056610107421875,55.9451904296875,5.871344566345215,282.7036437988281,15.606588363647461,75.50769805908203,85.10567474365234
2025-07-13 15:00:00,59.168357849121094,5.384467124938965,57.38847351074219,0.004456322640180588,0.8151836395263672,0.06830044090747833,56.54850387573242,5.713846683502197,180.10997009277344,0.7476227283477783,47.950531005859375,38.153778076171875,55.70709228515625,5.817381858825684,268.9049072265625,18.465286254882812,79.22273254394531,83.48790740966797
2025-07-13 21:00:00,53.117469787597656,5.257927417755127,44.45498275756836,0.0,0.20442849397659302,0.3425081968307495,52.83467102050781,5.574801921844482,161.53335571289062,0.2870248258113861,38.365135192871094,30.72095489501953,54.34022903442383,5.610957145690918,234.55096435546875,12.714052200317383,66.05830383300781,64.08049011230469
2025-07-14 03:00:00,50.78714370727539,5.290457725524902,30.138771057128906,0.012986588291823864,0.0,0.0,52.479068756103516,5.591798305511475,162.34080505371094,0.0,36.361019134521484,28.32444190979004,54.4582633972168,5.635733127593994,234.5548553466797,6.437011241912842,61.23490905761719,63.79487991333008
2025-07-14 09:00:00,49.69351577758789,5.514326572418213,23.713092803955078,0.0016273772343993187,0.5308825373649597,0.0037376522086560726,51.54783630371094,5.702710151672363,168.09518432617188,0.28842484951019287,39.35163497924805,33.29707336425781,53.91175842285156,5.745209217071533,259.61785888671875,12.910582542419434,67.28722381591797,77.66657257080078
2025-07-14 15:00:00,42.777732849121094,5.532711029052734,11.414332389831543,0.0,0.0,0.0,47.26395797729492,5.651551246643066,156.57936096191406,0.0,36.40244674682617,29.177017211914062,51.54214859008789,5.638587474822998,215.7925262451172,9.661638259887695,65.52741241455078,67.05986785888672
2025-07-14 21:00:00,34.3891716003418,5.437747478485107,0.0,0.0,0.0,0.0,43.074310302734375,5.534266948699951,138.3712615966797,0.0,27.575746536254883,22.593265533447266,49.009117126464844,5.491607189178467,178.68606567382812,2.020444869995117,50.45400619506836,46.58910369873047
2025-07-15 03:00:00,36.18830490112305,5.450784206390381,1.068773865699768,0.0,0.5504184365272522,0.0,44.666255950927734,5.566501617431641,143.72445678710938,0.0,28.89190673828125,20.30247688293457,50.05967330932617,5.537466526031494,180.20632934570312,0.0,46.06639862060547,42.769561767578125
2025-07-15 09:00:00,41.8113899230957,5.6688151359558105,19.504802703857422,0.0,1.7331230640411377,0.5582829117774963,46.84889602661133,5.707988739013672,157.49220275878906,0.27445778250694275,36.556129455566406,28.161670684814453,50.82548141479492,5.7308244705200195,228.51527404785156,6.312792778015137,55.8934440612793,63.160888671875
2025-07-15 15:00:00,45.140193939208984,5.575316429138184,31.320392608642578,0.0,1.3956713676452637,0.639856219291687,48.2849006652832,5.700014114379883,158.83724975585938,0.21564282476902008,38.38426208496094,30.08258819580078,51.20814895629883,5.7076849937438965,217.39988708496094,7.820662975311279,62.035911560058594,64.49307250976562
2025-07-15 21:00:00,46.32166290283203,5.3637471199035645,36.16358947753906,0.0,0.8790740370750427,0.7695304751396179,47.97617721557617,5.588746547698975,153.115234375,0.09382084012031555,32.978302001953125,26.6787109375,50.91259002685547,5.588038444519043,211.18759155273438,7.018682956695557,56.923912048339844,53.382041931152344
2025-07-16 03:00:00,51.482276916503906,5.343080520629883,45.49510192871094,0.023814816027879715,0.3533821105957031,0.2552592158317566,52.27114486694336,5.632439613342285,165.61856079101562,0.3711053133010864,37.398494720458984,28.372966766357422,53.73179626464844,5.670765399932861,228.01504516601562,4.713719367980957,61.66033172607422,61.30057144165039
2025-07-16 09:00:00,59.22782516479492,5.4604926109313965,60.86579895019531,0.026771441102027893,0.9328969717025757,0.05100066959857941,56.41377639770508,5.765554904937744,183.6029052734375,1.1155455112457275,46.718231201171875,38.252769470214844,56.1668815612793,5.871668338775635,284.1028137207031,15.65435791015625,75.47727966308594,85.7581787109375
2025-07-16 15:00:00,59.60182571411133,5.377718925476074,57.507938385009766,0.0077932365238666534,0.672650933265686,0.005209244787693024,56.897666931152344,5.71807861328125,181.46173095703125,0.7947989702224731,48.310787200927734,38.36875534057617,55.95156478881836,5.81735897064209,270.1862487792969,18.55059242248535,79.2093505859375,84.21043395996094
2025-07-16 21:00:00,53.573936462402344,5.251276016235352,44.79642868041992,0.0,0.08362972736358643,0.2730213701725006,53.106815338134766,5.577645301818848,162.39508056640625,0.32716232538223267,38.67029571533203,30.812698364257812,54.59010696411133,5.611698150634766,234.9213104248047,12.673027038574219,65.70494079589844,64.62026977539062
2025-07-17 03:00:00,51.25123596191406,5.283806800842285,30.364255905151367,0.01623689942061901,0.0,0.0,52.78895950317383,5.597686290740967,163.73309326171875,0.0007224082946777344,36.610313415527344,28.45734214782715,54.66124725341797,5.635125160217285,235.58485412597656,6.515964508056641,61.06654739379883,64.4840087890625
2025-07-17 09:00:00,50.16896438598633,5.506989479064941,24.015460968017578,0.005252360366284847,0.432013601064682,0.0,51.910587310791016,5.709158897399902,169.6486358642578,0.3008439540863037,39.649009704589844,33.45206069946289,54.150238037109375,5.744730472564697,261.02880859375,13.028392791748047,67.27542114257812,78.37482452392578
2025-07-17 15:00:00,43.244632720947266,5.524312496185303,11.788333892822266,0.0,0.0,0.0,47.67869567871094,5.658645153045654,158.02178955078125,0.0,36.73174285888672,29.372291564941406,51.77298355102539,5.6383466720581055,217.21627807617188,9.809950828552246,65.45669555664062,67.77297973632812
2025-07-17 21:00:00,34.84101867675781,5.432143688201904,0.0,0.0,0.0,0.0,43.377323150634766,5.537918567657471,139.2744598388672,0.0,27.849058151245117,22.672279357910156,49.24432373046875,5.492773532867432,179.1983642578125,1.9786367416381836,50.00696563720703,47.0846061706543
2025-07-18 03:00:00,36.616329193115234,5.444488048553467,1.3509777784347534,0.0,0.4578494131565094,0.0,45.00185012817383,5.570338726043701,145.20860290527344,0.0,29.191814422607422,20.491262435913086,50.228858947753906,5.538722038269043,181.2371826171875,0.0,45.78413009643555,43.359893798828125
2025-07-18 09:00:00,42.28662872314453,5.659974098205566,19.926183700561523,0.0,1.6285786628723145,0.5960476398468018,47.236019134521484,5.713298797607422,159.08792114257812,0.2965226471424103,36.815250396728516,28.357797622680664,50.984867095947266,5.731646537780762,229.62123107910156,6.317936420440674,55.72453308105469,63.616233825683594
2025-07-18 15:00:00,45.58753967285156,5.567595481872559,31.627460479736328,0.0,1.2908761501312256,0.6841662526130676,48.5958137512207,5.702824592590332,160.13392639160156,0.24642302095890045,38.758567810058594,30.218563079833984,51.38840866088867,5.708817005157471,218.06109619140625,7.834333419799805,61.86216735839844,64.99442291259766
2025-07-18 21:00:00,46.7422981262207,5.357346534729004,36.55929183959961,0.0,0.7733690142631531,0.7709900140762329,48.26767349243164,5.590767860412598,154.02015686035156,0.13006311655044556,33.267494201660156,26.74065589904785,51.12097930908203,5.589489936828613,211.54762268066406,6.874159812927246,56.64402770996094,54.008575439453125
2025-07-19 03:00:00,51.915863037109375,5.332348823547363,45.88045120239258,0.02581711672246456,0.2781237065792084,0.2527676224708557,52.54550552368164,5.636456489562988,166.90379333496094,0.41280797123908997,37.6868896484375,28.514101028442383,53.91876983642578,5.671961307525635,229.00579833984375,4.686896800994873,61.41633224487305,61.809059143066406
2025-07-19 09:00:00,59.63453674316406,5.451060771942139,61.025638580322266,0.030294278636574745,0.8304675817489624,0.008747607469558716,56.72377395629883,5.769923210144043,185.0389404296875,1.1590982675552368,46.992393493652344,38.44926834106445,56.38642883300781,5.871932029724121,285.4861755371094,15.703176498413086,75.4422836303711,86.4056625366211
2025-07-19 15:00:00,60.01875305175781,5.370582103729248,57.616180419921875,0.010983854532241821,0.5379369258880615,0.0,57.24094009399414,5.722367286682129,182.8048095703125,0.8419527411460876,48.66869354248047,38.58421325683594,56.193241119384766,5.817273139953613,271.450927734375,18.63661003112793,79.19764709472656,84.92617797851562
2025-07-19 21:00:00,54.02247619628906,5.244595527648926,45.127750396728516,0.0,0.0,0.2215048223733902,53.370574951171875,5.579751014709473,163.41351318359375,0.36671051383018494,39.029537200927734,30.905590057373047,54.837181091308594,5.612562656402588,235.2093048095703,12.626652717590332,65.35800170898438,65.19230651855469
2025-07-20 03:00:00,51.7110710144043,5.277231693267822,30.584863662719727,0.019443409517407417,0.0,0.0,53.09281539916992,5.603400230407715,165.1711883544922,0.02752012014389038,36.87700271606445,28.59212303161621,54.86200714111328,5.634535312652588,236.5766143798828,6.595717906951904,60.89970016479492,65.17781066894531
2025-07-20 09:00:00,50.641075134277344,5.4997358322143555,24.310060501098633,0.00883866660296917,0.33272936940193176,0.0,52.278411865234375,5.715970039367676,171.25900268554688,0.3197482228279114,39.93605422973633,33.608219146728516,54.385894775390625,5.744239807128906,262.4208679199219,13.146608352661133,67.26677703857422,79.0777816772461
2025-07-20 15:00:00,43.708702087402344,5.516000747680664,12.157060623168945,0.0,0.0,0.0,48.0933952331543,5.665902137756348,159.48297119140625,0.0,37.05919647216797,29.572786331176758,52.00018310546875,5.638113975524902,218.628662109375,9.958453178405762,65.39237976074219,68.47928619384766
2025-07-20 21:00:00,35.29179763793945,5.426547050476074,0.3872184753417969,0.0,0.0,0.0,43.678977966308594,5.541662216186523,140.1832733154297,0.0,28.121944427490234,22.755596160888672,49.4752311706543,5.493937969207764,179.70819091796875,1.9396181106567383,49.571083068847656,47.57488250732422
2025-07-21 03:00:00,37.045711517333984,5.438150405883789,1.7576974630355835,0.0,0.36491096019744873,0.0,45.329132080078125,5.5748491287231445,146.63758850097656,0.0,29.470060348510742,20.669597625732422,50.39447021484375,5.5399699211120605,182.25440979003906,0.0,45.50410079956055,43.94768524169922
2025-07-21 09:00:00,42.76263427734375,5.650888919830322,20.380172729492188,0.0,1.5222378969192505,0.6321476101875305,47.61988067626953,5.718911170959473,160.6634979248047,0.3188767433166504,37.06606674194336,28.553857803344727,51.191123962402344,5.731797218322754,230.92837524414062,6.3694000244140625,55.685020446777344,64.25691986083984
2025-07-21 15:00:00,46.03273010253906,5.559778213500977,31.940685272216797,0.0,1.1854324340820312,0.7273667454719543,48.90257263183594,5.705780029296875,161.42010498046875,0.2773169279098511,39.127952575683594,30.355730056762695,51.60895538330078,5.7099456787109375,218.88111877441406,7.882655620574951,61.63327407836914,65.5755386352539
2025-07-21 21:00:00,47.160064697265625,5.350917816162109,36.954978942871094,0.0,0.6672143340110779,0.7715368866920471,48.55556869506836,5.5928850173950195,154.9185333251953,0.1662253439426422,33.55360412597656,26.804964065551758,51.34020233154297,5.590904712677002,211.95965576171875,6.742345333099365,56.36309814453125,54.656578063964844
2025-07-22 03:00:00,52.330448150634766,5.320644855499268,46.18595886230469,0.027436688542366028,0.20162394642829895,0.26877933740615845,52.809593200683594,5.639943599700928,168.15097045898438,0.4550091624259949,37.96607971191406,28.64130401611328,54.107276916503906,5.673127174377441,230.00860595703125,4.667830467224121,61.17457962036133,62.32260513305664
2025-07-22 09:00:00,60.02986145019531,5.441420555114746,61.1494026184082,0.0336596816778183,0.7283017635345459,0.0,57.026123046875,5.774139881134033,186.45440673828125,1.202526330947876,47.261966705322266,38.64019012451172,56.62709045410156,5.872340202331543,286.9341735839844,15.77033519744873,75.31777954101562,87.07649230957031
2025-07-22 15:00:00,60.42689895629883,5.363521099090576,57.70111083984375,0.014101766049861908,0.4027578830718994,0.0,57.576820373535156,5.726627826690674,184.13302612304688,0.8888620138168335,49.02214431762695,38.79730224609375,56.4390983581543,5.817200183868408,272.73974609375,18.730304718017578,79.16841125488281,85.64213562011719
2025-07-22 21:00:00,54.4633674621582,5.238018035888672,45.44548797607422,0.0,0.0,0.17195825278759003,53.62931442260742,5.581899166107178,164.4232635498047,0.40610915422439575,39.38510513305664,30.999202728271484,55.08354949951172,5.6135735511779785,235.44424438476562,12.578901290893555,65.01758575439453,65.79424285888672
2025-07-23 03:00:00,52.164066314697266,5.270776748657227,30.799991607666016,0.022577278316020966,0.0,0.0,53.3915901184082,5.609151840209961,166.60089111328125,0.05465543270111084,37.14211654663086,28.727527618408203,55.06142044067383,5.633981704711914,237.54759216308594,6.6784257888793945,60.73764419555664,65.87528228759766
2025-07-23 09:00:00,51.107120513916016,5.492578506469727,24.59607696533203,0.012357916682958603,0.2339373677968979,0.0,52.64078903198242,5.722798824310303,172.85874938964844,0.33904123306274414,40.22137451171875,33.76496887207031,54.619163513183594,5.7437520027160645,263.8049011230469,13.266796112060547,67.26488494873047,79.77460479736328
2025-07-23 15:00:00,44.16933822631836,5.508983135223389,12.460341453552246,0.0,0.0,0.0,48.502685546875,5.673162937164307,160.93453979492188,0.0,37.38467788696289,29.774394989013672,52.22397232055664,5.637901306152344,220.03758239746094,10.108343124389648,65.33700561523438,69.1783447265625
2025-07-23 21:00:00,35.73930740356445,5.421334743499756,0.8965387344360352,0.0,0.0,0.007758188061416149,43.97721862792969,5.545431613922119,141.0877685546875,0.0,28.393306732177734,22.840604782104492,49.70215606689453,5.495106220245361,180.220703125,1.9042272567749023,49.14878845214844,48.060157775878906
2025-07-24 03:00:00,37.47267532348633,5.431963920593262,2.200928211212158,0.0018412320641800761,0.27179092168807983,0.0,45.65870666503906,5.579139709472656,148.03762817382812,0.0,29.737680435180664,20.8226261138916,50.556785583496094,5.541215896606445,183.2628936767578,0.0,45.22800064086914,44.533042907714844
2025-07-24 09:00:00,43.22503662109375,5.642621040344238,20.805574417114258,0.0,1.398449420928955,0.6478468775749207,48.00002670288086,5.724465370178223,162.22146606445312,0.3411126136779785,37.312278747558594,28.741771697998047,51.39936447143555,5.731865882873535,232.24037170410156,6.425816059112549,55.66067123413086,64.9116439819336
2025-07-24 15:00:00,46.46878433227539,5.552237510681152,32.233848571777344,0.0,1.0743560791015625,0.7631970643997192,49.204833984375,5.708767414093018,162.6954345703125,0.30813664197921753,39.4929313659668,30.49097442626953,51.82770919799805,5.711029052734375,219.69374084472656,7.933081150054932,61.41539001464844,66.157470703125
2025-07-24 21:00:00,47.57071304321289,5.3446221351623535,37.338584899902344,0.0,0.5582827925682068,0.7689865231513977,48.83964538574219,5.595062255859375,155.80963134765625,0.20218531787395477,33.83647537231445,26.870248794555664,51.556304931640625,5.592284202575684,212.3536834716797,6.61032772064209,56.089202880859375,55.3050422668457
2025-07-25 03:00:00,52.7378044128418,5.309113502502441,46.48170852661133,0.0290508009493351,0.1243009865283966,0.28339046239852905,53.06813049316406,5.643352031707764,169.38275146484375,0.49713045358657837,38.24102020263672,28.765031814575195,54.29310607910156,5.674260139465332,230.9873504638672,4.650177955627441,60.93014144897461,62.8330078125
2025-07-25 09:00:00,60.417144775390625,5.43184757232666,61.254669189453125,0.03697976469993591,0.6257253885269165,0.0,57.32217025756836,5.778341293334961,187.85577392578125,1.2456538677215576,47.52824401855469,38.82836151123047,56.86831283569336,5.872740745544434,288.3728332519531,15.84105396270752,75.17469787597656,87.74735260009766
2025-07-25 15:00:00,60.82726287841797,5.356606483459473,57.76909255981445,0.017190860584378242,0.267171174287796,0.0,57.905757904052734,5.730906009674072,185.44839477539062,0.9354785680770874,49.37160110473633,39.00881576538086,56.68276596069336,5.817090034484863,274.01708984375,18.825651168823242,79.13734436035156,86.35205841064453
2025-07-25 21:00:00,54.90095138549805,5.229891777038574,45.63752746582031,0.0,0.0,0.14798513054847717,53.88315963745117,5.584105014801025,165.42489624023438,0.44533249735832214,39.73722839355469,31.09369468688965,55.326393127441406,5.614546775817871,235.67550659179688,12.533727645874023,64.68167114257812,66.38782501220703
2025-07-26 03:00:00,52.6134147644043,5.263928413391113,30.97198486328125,0.025681406259536743,0.0,0.0,53.68522644042969,5.614945411682129,168.0214080810547,0.08210957050323486,37.40557098388672,28.863452911376953,55.2626953125,5.633459568023682,238.52891540527344,6.768913745880127,60.5897216796875,66.55216217041016
2025-07-26 09:00:00,51.56977462768555,5.485346794128418,24.862281799316406,0.015844393521547318,0.13530710339546204,0.0,52.99756622314453,5.729650497436523,174.4469451904297,0.35871902108192444,40.50477600097656,33.922183990478516,54.85054016113281,5.743257999420166,265.18780517578125,13.38996696472168,67.27186584472656,80.45842742919922
2025-07-26 15:00:00,44.64400100708008,5.501661777496338,12.764799118041992,0.0016195811331272125,0.0,0.0,48.90643310546875,5.680432319641113,162.375732421875,0.0,37.708038330078125,29.977012634277344,52.44414520263672,5.637700080871582,221.44395446777344,10.259636878967285,65.29119110107422,69.86827850341797
2025-07-26 21:00:00,36.19178771972656,5.4159626960754395,1.4131708145141602,0.0,0.0,0.02395419403910637,44.27193069458008,5.549232482910156,141.98745727539062,0.0,28.66309356689453,22.92726707458496,49.924739837646484,5.496275424957275,180.73611450195312,1.8722639083862305,48.74001693725586,48.539520263671875
2025-07-27 03:00:00,37.900020599365234,5.425717830657959,2.647202968597412,0.0037306665908545256,0.17809650301933289,0.0,45.979087829589844,5.582955360412598,149.4048614501953,0.0,29.99814796447754,20.964279174804688,50.71543502807617,5.54245662689209,184.26148986816406,0.0,44.95586013793945,45.11551284790039
2025-07-27 09:00:00,43.675724029541016,5.635089874267578,21.191905975341797,0.0038056394550949335,1.2573555707931519,0.6450029611587524,48.37295913696289,5.729875564575195,163.75950622558594,0.3632456660270691,37.554813385009766,28.925756454467773,51.60466384887695,5.731903553009033,233.53948974609375,6.483157157897949,55.63958740234375,65.56114959716797
2025-07-27 15:00:00,46.897830963134766,5.544888019561768,32.50813674926758,0.0,0.9586728811264038,0.7917433977127075,49.50149917602539,5.711761951446533,163.9580841064453,0.3388732373714447,39.853641510009766,30.625749588012695,52.04294204711914,5.712080955505371,220.4906005859375,7.98379373550415,61.20369338989258,66.73440551757812
2025-07-27 21:00:00,47.97574996948242,5.338364601135254,37.715736389160156,0.0,0.44659918546676636,0.7625284790992737,49.119510650634766,5.597291469573975,156.6923828125,0.23792070150375366,34.116111755371094,26.937070846557617,51.768531799316406,5.593633651733398,212.72581481933594,6.477336406707764,55.82024383544922,55.95203399658203
2025-07-28 03:00:00,53.138893127441406,5.297680854797363,46.771484375,0.030678141862154007,0.045709967613220215,0.29618871212005615,53.32238006591797,5.646816253662109,170.6050262451172,0.5389909148216248,38.51310729980469,28.888824462890625,54.475868225097656,5.675360202789307,231.93972778320312,4.633420944213867,60.68208694458008,63.339412689208984
2025-07-28 09:00:00,60.7988166809082,5.42158842086792,61.307762145996094,0.04016676917672157,0.5166621208190918,0.0,57.612281799316406,5.782567024230957,189.24423217773438,1.2884180545806885,47.79151916503906,39.01483917236328,57.106781005859375,5.873108863830566,289.7918395996094,15.913251876831055,75.02495574951172,88.41444396972656
2025-07-28 15:00:00,61.220947265625,5.349563121795654,57.81156921386719,0.020225536078214645,0.1293824017047882,0.0,58.22785949707031,5.735213279724121,186.75076293945312,0.9817745685577393,49.71708297729492,39.2191162109375,56.923152923583984,5.816937446594238,275.2785949707031,18.921838760375977,79.10751342773438,87.05469512939453
2025-07-28 21:00:00,55.33406448364258,5.221205234527588,45.78016662597656,0.0,0.0,0.13262955844402313,54.13213348388672,5.586370944976807,166.41796875,0.4843645393848419,40.0859375,31.18924331665039,55.56535339355469,5.615481376647949,235.9016571044922,12.490839004516602,64.35104370117188,66.9727783203125
2025-07-29 03:00:00,53.05858612060547,5.2569708824157715,31.126333236694336,0.028772637248039246,0.0,0.0,53.973628997802734,5.6207780838012695,169.43157958984375,0.10985037684440613,37.667179107666016,28.999839782714844,55.47643280029297,5.633116722106934,239.5755615234375,6.878322601318359,60.4858512878418,67.1774673461914
2025-07-29 09:00:00,52.029258728027344,5.478096008300781,25.118688583374023,0.019317664206027985,0.036676693707704544,0.0,53.37294387817383,5.736866474151611,176.01840209960938,0.38589805364608765,40.79193878173828,34.10935974121094,55.08301544189453,5.74280309677124,266.5911560058594,13.520118713378906,67.29938507080078,81.12036895751953
2025-07-29 15:00:00,45.11648178100586,5.4943413734436035,13.066319465637207,0.004721319302916527,0.0,0.0,49.313720703125,5.687859535217285,163.8104248046875,0.014778077602386475,38.03269958496094,30.191286087036133,52.672916412353516,5.637556552886963,222.92686462402344,10.423650741577148,65.27622985839844,70.521240234375
2025-07-29 21:00:00,36.6446533203125,5.410523891448975,1.9366540908813477,0.0,0.0,0.04000506550073624,44.567501068115234,5.553136825561523,142.8884735107422,0.0,28.93482208251953,23.02089500427246,50.14678192138672,5.497463226318359,181.2833709716797,1.8476505279541016,48.35411834716797,49.005096435546875
2025-07-30 03:00:00,38.32443618774414,5.419544219970703,3.0921926498413086,0.005712252575904131,0.08166150003671646,0.0,46.29783630371094,5.586859703063965,150.771728515625,0.0,30.25958251953125,21.11040496826172,50.871429443359375,5.543700218200684,185.26365661621094,0.0,44.69314956665039,45.69302749633789
2025-07-30 09:00:00,44.123878479003906,5.627536296844482,21.572437286376953,0.008068995550274849,1.1146577596664429,0.6418105959892273,48.74168014526367,5.735331058502197,165.29046630859375,0.38545963168144226,37.797000885009766,29.111984252929688,51.80747604370117,5.731915473937988,234.83470153808594,6.542019367218018,55.625328063964844,66.20523071289062
2025-07-30 15:00:00,47.323299407958984,5.537552833557129,32.77215576171875,0.001685640774667263,0.842522144317627,0.819757342338562,49.79374694824219,5.714826583862305,165.21322631835938,0.36969777941703796,40.21195983886719,30.762941360473633,52.254913330078125,5.713106155395508,221.2784423828125,8.035404205322266,61.00045394897461,67.3061752319336
2025-07-30 21:00:00,48.376678466796875,5.332086563110352,38.08931350708008,0.0,0.3333825469017029,0.7542489171028137,49.39573287963867,5.599597454071045,157.56884765625,0.27358412742614746,34.393394470214844,27.007083892822266,51.98102569580078,5.594927787780762,212.90969848632812,6.375371932983398,55.47087860107422,56.48463439941406
2025-07-31 03:00:00,53.534217834472656,5.286326885223389,47.056758880615234,0.032310280948877335,0.0,0.3080129027366638,53.566898345947266,5.650753021240234,171.78330993652344,0.5790930390357971,38.76970672607422,29.00905418395996,54.656654357910156,5.676403522491455,232.8120880126953,4.625617027282715,60.40031051635742,63.80477523803711
2025-07-31 09:00:00,61.17294692993164,5.411371231079102,61.3510856628418,0.0433107390999794,0.41805002093315125,0.0,57.8948974609375,5.786945819854736,190.60855102539062,1.3302867412567139,48.04762649536133,39.1983757019043,57.34192657470703,5.87343168258667,291.1700134277344,15.988296508789062,74.8573226928711,89.06363677978516
2025-07-31 15:00:00,61.60710906982422,5.342595100402832,57.84215545654297,0.02322385460138321,0.0,0.0,58.54256057739258,5.7395853996276855,188.03565979003906,1.0275466442108154,50.057167053222656,39.42775344848633,57.15925979614258,5.816733360290527,276.51446533203125,19.01883888244629,79.0750732421875,87.74343872070312
2025-07-31 21:00:00,55.76047897338867,5.212588310241699,45.915802001953125,0.0,0.0,0.11698655039072037,54.37600326538086,5.588709831237793,167.4010009765625,0.523179829120636,40.43082809448242,31.28575897216797,55.799625396728516,5.616372108459473,236.1192626953125,12.450105667114258,64.0248031616211,67.54569244384766
2025-08-01 03:00:00,53.497867584228516,5.2501020431518555,31.275711059570312,0.03183981776237488,0.0,0.0,54.27646255493164,5.626935958862305,170.8270263671875,0.14357563853263855,37.931373596191406,29.160411834716797,55.68632507324219,5.632732391357422,240.60455322265625,6.989946365356445,60.38261413574219,67.79351043701172
2025-08-01 09:00:00,52.48394775390625,5.4708943367004395,25.36781120300293,0.022771276533603668,0.0,0.0,53.771881103515625,5.7445387840271,177.57635498046875,0.42175450921058655,41.0848503112793,34.33233642578125,55.311527252197266,5.742320537567139,267.98150634765625,13.651097297668457,67.33028411865234,81.77156829833984
2025-08-01 15:00:00,45.5849609375,5.487026691436768,13.365245819091797,0.007785574533045292,0.0,0.0,49.72686004638672,5.695498466491699,165.24156188964844,0.05289667844772339,38.36002731323242,30.420068740844727,52.89851760864258,5.63742208480835,224.40870666503906,10.589215278625488,65.2700424194336,71.16193389892578
2025-08-01 21:00:00,37.096405029296875,5.405033588409424,2.4634017944335938,1.0197516530752182e-05,0.0,0.055958617478609085,44.86333465576172,5.5567402839660645,143.88198852539062,0.0,29.24070167541504,23.123233795166016,50.36439514160156,5.49865198135376,181.833984375,1.8264894485473633,47.981651306152344,49.463626861572266
2025-08-02 03:00:00,38.730289459228516,5.414620399475098,3.484365463256836,0.008917462080717087,0.0,0.0,46.6353759765625,5.5913166999816895,152.18829345703125,0.0,30.52720832824707,21.281883239746094,51.023597717285156,5.5449371337890625,186.2565460205078,0.0,44.43475341796875,46.26656723022461
2025-08-02 09:00:00,44.56279754638672,5.6203694343566895,21.928287506103516,0.01269534695893526,0.9755756258964539,0.6375277042388916,49.11286163330078,5.740996837615967,166.83274841308594,0.4080212116241455,38.041404724121094,29.30841064453125,52.007080078125,5.731898784637451,236.1176300048828,6.601787090301514,55.614280700683594,66.84331512451172
2025-08-02 15:00:00,47.74091720581055,5.530416011810303,33.01498031616211,0.004254568368196487,0.72706139087677,0.8468267917633057,50.083740234375,5.718026161193848,166.4682159423828,0.40083834528923035,40.56971740722656,30.90609359741211,52.49833297729492,5.713358402252197,222.32676696777344,8.13243579864502,60.89246368408203,67.94855499267578
2025-08-02 21:00:00,48.77986145019531,5.325733661651611,38.4549674987793,0.0,0.22157365083694458,0.7383807897567749,49.669227600097656,5.602014064788818,158.44189453125,0.30935296416282654,34.66925048828125,27.082069396972656,52.20360565185547,5.595946311950684,213.0835418701172,6.304849624633789,55.11781311035156,56.97962188720703
2025-08-03 03:00:00,53.924400329589844,5.2751030921936035,47.33378219604492,0.033939044922590256,0.0,0.3170260190963745,53.803958892822266,5.655054092407227,172.93055725097656,0.6180469989776611,39.015594482421875,29.12816619873047,54.83860778808594,5.677338123321533,233.6737823486328,4.630239486694336,60.117576599121094,64.2567138671875
2025-08-03 09:00:00,61.538909912109375,5.401251792907715,61.382179260253906,0.046394966542720795,0.3337707221508026,0.0,58.199737548828125,5.793123245239258,192.02114868164062,1.3674408197402954,48.28409194946289,39.383541107177734,57.57548904418945,5.8736958503723145,292.5416564941406,16.070171356201172,74.68964385986328,89.7071304321289
2025-08-03 15:00:00,61.98493576049805,5.3357462882995605,57.85791778564453,0.026176197454333305,0.0,0.0,58.85863494873047,5.7445387840271,189.325439453125,1.071730375289917,50.388206481933594,39.63640594482422,57.392578125,5.816486358642578,277.7481994628906,19.119369506835938,79.04971313476562,88.42422485351562
2025-08-03 21:00:00,56.16411209106445,5.205142498016357,45.993690490722656,0.0,0.0,0.07386895269155502,54.61722946166992,5.591280937194824,168.38131713867188,0.5615391135215759,40.77129364013672,31.383716583251953,56.030216217041016,5.617234230041504,236.34141540527344,12.413009643554688,63.70850372314453,68.10966491699219
2025-08-04 03:00:00,53.923526763916016,5.243685245513916,31.40082550048828,0.03486081212759018,0.0,0.0,54.602989196777344,5.633600234985352,172.20913696289062,0.18563902378082275,38.19997024536133,29.355417251586914,55.89311599731445,5.632321834564209,241.62550354003906,7.104930400848389,60.2831916809082,68.40274810791016
2025-08-04 09:00:00,52.92921447753906,5.463883876800537,25.597402572631836,0.026185113936662674,0.0,0.0,54.175235748291016,5.752431392669678,179.12730407714844,0.46044933795928955,41.37926483154297,34.567474365234375,55.53667449951172,5.741819858551025,269.3656921386719,13.783767700195312,67.36690521240234,82.41350555419922
2025-08-04 15:00:00,46.04600143432617,5.479830741882324,13.651185035705566,0.010808168910443783,0.0,0.0,50.13889694213867,5.703263282775879,166.6673126220703,0.09207209944725037,38.68761444091797,30.655197143554688,53.12020492553711,5.637299537658691,225.88739013671875,10.755987167358398,65.27220153808594,71.79414367675781
2025-08-04 21:00:00,37.54408264160156,5.399566650390625,2.983065605163574,0.002347821369767189,0.0,0.07208321243524551,45.1553955078125,5.560047626495361,144.94915771484375,0.0,29.573143005371094,23.229488372802734,50.577606201171875,5.499843597412109,182.3884735107422,1.8088855743408203,47.62295913696289,49.916770935058594
2025-08-05 03:00:00,39.132545471191406,5.409720420837402,3.8718957901000977,0.012831221334636211,0.0,0.0,46.99353790283203,5.596602439880371,153.6424560546875,0.0,30.792131423950195,21.481637954711914,51.17207717895508,5.546170234680176,187.2415008544922,0.0,44.18095016479492,46.8370246887207
2025-08-05 09:00:00,44.99663543701172,5.613166809082031,22.27352523803711,0.01751800999045372,0.8610554933547974,0.6317984461784363,49.486385345458984,5.7469482421875,168.37925720214844,0.4307135343551636,38.284339904785156,29.51441192626953,52.22024917602539,5.731988906860352,237.4359893798828,6.671753883361816,55.53795623779297,67.49286651611328
2025-08-05 15:00:00,48.130733489990234,5.524968147277832,33.171546936035156,0.008492653258144855,0.585557758808136,0.8352641463279724,50.38170623779297,5.721676349639893,167.72943115234375,0.4332030415534973,40.922393798828125,31.06403160095215,52.76144790649414,5.713230133056641,223.5245361328125,8.256719589233398,60.818790435791016,68.62979125976562
2025-08-05 21:00:00,49.205047607421875,5.319252967834473,38.8065185546875,0.0,0.11213797330856323,0.6851721405982971,49.943092346191406,5.604639530181885,159.31350708007812,0.3455059826374054,34.94263458251953,27.164331436157227,52.43018341064453,5.596826076507568,213.29635620117188,6.244009971618652,54.78398132324219,57.48381423950195
2025-08-06 03:00:00,54.31201934814453,5.26401424407959,47.59742736816406,0.03556268289685249,0.0,0.3136957585811615,54.038631439208984,5.659453392028809,174.0720672607422,0.6570131778717041,39.25985336303711,29.24984359741211,55.01991271972656,5.678208827972412,234.537353515625,4.6406660079956055,59.840789794921875,64.70941162109375
2025-08-06 09:00:00,61.8907356262207,5.390854835510254,61.36769104003906,0.04929879307746887,0.24904896318912506,0.0,58.49933624267578,5.799328804016113,193.42160034179688,1.4043899774551392,48.51854705810547,39.56855773925781,57.80706024169922,5.873920440673828,293.90911865234375,16.156494140625,74.52359008789062,90.34880065917969
2025-08-06 15:00:00,62.35218048095703,5.328925609588623,57.84711837768555,0.02905956283211708,0.0,0.0,59.16853332519531,5.7495341300964355,190.60250854492188,1.1157021522521973,50.71607208251953,39.84502410888672,57.62302017211914,5.816208839416504,278.97894287109375,19.222585678100586,79.03081512451172,89.09838104248047
2025-08-06 21:00:00,56.55107879638672,5.198416709899902,46.030677795410156,0.0,0.0,0.016428321599960327,54.85391616821289,5.593925476074219,169.3534393310547,0.5998344421386719,41.109130859375,31.483497619628906,56.257137298583984,5.618076324462891,236.56822204589844,12.379412651062012,63.4019889831543,68.66554260253906
2025-08-07 03:00:00,54.339195251464844,5.237207412719727,31.4796142578125,0.03767034783959389,0.0,0.0,54.92369079589844,5.6403045654296875,173.57986450195312,0.22771194577217102,38.46650314331055,29.550025939941406,56.09680938720703,5.631889820098877,242.63812255859375,7.223012924194336,60.18730163574219,69.0054702758789
2025-08-07 09:00:00,53.367313385009766,5.456927299499512,25.803241729736328,0.029524650424718857,0.0,0.0,54.56010055541992,5.759857177734375,180.64886474609375,0.4956473410129547,41.651893615722656,34.79953384399414,55.75840377807617,5.741305351257324,270.742431640625,13.918041229248047,67.4088134765625,83.04618072509766
2025-08-07 15:00:00,46.50184631347656,5.472726821899414,13.92483901977539,0.01380147598683834,0.0,0.0,50.54050827026367,5.710876941680908,168.0721435546875,0.13003584742546082,39.005882263183594,30.889333724975586,53.337955474853516,5.63719367980957,227.36228942871094,10.923946380615234,65.28184509277344,72.41796112060547
2025-08-07 21:00:00,37.98980712890625,5.394108295440674,3.499635696411133,0.004670324735343456,0.0,0.08838582783937454,45.441978454589844,5.563351631164551,146.00515747070312,0.0,29.9010009765625,23.336688995361328,50.78643035888672,5.501040935516357,182.94699096679688,1.794896125793457,47.27777862548828,50.36475372314453
2025-08-08 03:00:00,39.52488708496094,5.4043755531311035,4.219746112823486,0.016558218747377396,0.0,0.0,47.32209396362305,5.602558612823486,155.0272979736328,0.0,31.02928924560547,21.6787052154541,51.34382247924805,5.546833515167236,188.42904663085938,0.0,43.9998664855957,47.462852478027344
2025-08-08 09:00:00,45.41440200805664,5.605108737945557,22.54181671142578,0.022011058405041695,0.7441967725753784,0.6396992802619934,49.84609603881836,5.753087997436523,169.89051818847656,0.45304566621780396,38.516151428222656,29.7177734375,52.44755554199219,5.731952667236328,238.8419952392578,6.749792575836182,55.457374572753906,68.16561889648438
2025-08-08 15:00:00,48.50967025756836,5.519533157348633,33.28340148925781,0.012738357298076153,0.4397878646850586,0.8253028988838196,50.71841049194336,5.726722717285156,169.01502990722656,0.47008728981018066,41.25511169433594,31.26533317565918,53.02670669555664,5.713046073913574,224.75320434570312,8.385628700256348,60.754207611083984,69.31391906738281
2025-08-08 21:00:00,49.62520217895508,5.310434341430664,38.9718017578125,0.0,0.011933565139770508,0.6649399995803833,50.226741790771484,5.607742786407471,160.189208984375,0.38296014070510864,35.209495544433594,27.262136459350586,52.65528106689453,5.597670078277588,213.50970458984375,6.1856536865234375,54.458763122558594,57.98709487915039
2025-08-09 03:00:00,54.65037536621094,5.2500505447387695,47.82318115234375,0.03674159571528435,0.0,0.3180750608444214,54.30609893798828,5.664919376373291,175.24000549316406,0.6995398998260498,39.49224853515625,29.407073974609375,55.199066162109375,5.679049968719482,235.3861083984375,4.653769016265869,59.563743591308594,65.15946197509766
2025-08-09 09:00:00,62.215797424316406,5.3791890144348145,61.285160064697266,0.05182710662484169,0.16341423988342285,0.0,58.805137634277344,5.805887222290039,194.8226318359375,1.4422980546951294,48.74850845336914,39.764713287353516,58.03616714477539,5.874118328094482,295.26318359375,16.245407104492188,74.35467529296875,90.98690795898438
2025-08-09 15:00:00,62.705631256103516,5.321876525878906,57.797637939453125,0.031780220568180084,0.0,0.0,59.476356506347656,5.754681587219238,191.87269592285156,1.1599520444869995,51.0411376953125,40.05828094482422,57.850337982177734,5.81590461730957,280.20025634765625,19.327407836914062,79.01519012451172,89.76507568359375
2025-08-09 21:00:00,56.92840576171875,5.191778182983398,46.04530715942383,0.0,0.0,0.0,55.087501525878906,5.596676826477051,170.31939697265625,0.638282299041748,41.445228576660156,31.587125778198242,56.48026657104492,5.618897438049316,236.79684448242188,12.348883628845215,63.10354232788086,69.21304321289062
2025-08-10 03:00:00,54.740482330322266,5.230974197387695,31.592866897583008,0.040004562586545944,0.0,0.0,55.23923110961914,5.647061824798584,174.93997192382812,0.2698514759540558,38.73141098022461,29.745187759399414,56.29732894897461,5.631436824798584,243.6400604248047,7.343786239624023,60.09383010864258,69.60127258300781
2025-08-10 09:00:00,53.798587799072266,5.450152397155762,26.010730743408203,0.032702717930078506,0.0,0.0,54.92789077758789,5.766866683959961,182.142578125,0.5276896357536316,41.90473175048828,35.02930450439453,55.97661590576172,5.740778923034668,272.10955810546875,14.053589820861816,67.45491790771484,83.66923522949219
2025-08-10 15:00:00,46.9530143737793,5.465770244598389,14.192675590515137,0.01672886312007904,0.0,0.0,50.93238830566406,5.718363285064697,169.45684814453125,0.16690793633460999,39.315608978271484,31.12301254272461,53.551673889160156,5.637104511260986,228.8314208984375,11.092883110046387,65.29804992675781,73.03326416015625
2025-08-10 21:00:00,38.43318176269531,5.388681411743164,4.01291561126709,0.006962250918149948,0.0,0.10534036159515381,45.72333526611328,5.566659927368164,147.0500946044922,0.0,30.224699020385742,23.4451904296875,50.99079513549805,5.502243995666504,183.50900268554688,1.7844924926757812,46.94573974609375,50.80751419067383
