timestamp,soil_temp,soil_humidity,soil_ec,soil_ph,soil_n,soil_p,soil_k,soil2_temp,soil2_humidity,soil2_ec,soil2_ph,soil2_n,soil2_p,soil2_k,soil3_temp,soil3_humidity,soil3_ec,soil3_ph,soil3_n,soil3_p,soil3_k,air_temp,air_wind,dewpoint,precip_prob,daily_temp_max,daily_temp_min,daily_rain_sum,sunshine_duration
2025-06-12 11:28:07,23.5,25.6,84.0,5.7,0.0,0.0,0.0,23.9,24.7,122.0,6.8,0.0,16.0,8.0,24.3,22.4,126.0,6.2,0.0,18.0,10.0,25.0,14.3,20.4,0,25.4,21.6,0.0,50071.61
2025-06-12 15:03:03,29.5,26.5,90.0,6.4,0.0,0.0,0.0,26.8,25.9,148.0,6.3,0.0,28.0,20.0,27.7,24.0,150.0,5.6,0.0,29.0,21.0,25.6,16.8,20.4,0,25.6,21.6,0.0,50071.61
2025-06-12 21:03:03,24.6,24.0,43.0,5.9,0.0,0.0,0.0,25.3,23.5,118.0,6.1,0.0,14.0,6.0,25.0,22.7,135.0,5.6,0.0,22.0,14.0,24.0,13.8,20.4,0,25.6,21.6,0.0,50071.61
2025-06-13 03:03:03,22.3,23.1,20.0,5.6,0.0,0.0,0.0,22.7,22.8,98.0,5.9,0.0,4.0,0.0,22.9,22.1,123.0,5.5,0.0,16.0,8.0,22.9,10.9,20.6,0,25.8,22.4,0.0,43623.84
2025-06-13 09:03:03,22.8,22.8,13.0,5.4,0.0,0.0,0.0,23.3,22.6,92.0,5.9,0.0,1.0,0.0,23.5,21.9,120.0,5.5,0.0,15.0,7.0,23.4,16.5,20.6,0,25.4,22.3,0.0,47816.54
2025-06-13 15:03:03,27.1,23.2,25.0,5.4,0.0,0.0,0.0,27.6,23.0,99.0,6.1,0.0,4.0,0.0,27.9,22.3,129.0,5.8,0.0,19.0,11.0,25.2,15.0,20.6,0,25.5,22.3,0.0,50097.1
2025-06-13 21:03:03,25.3,22.0,5.0,5.3,0.0,0.0,0.0,27.2,21.9,88.0,6.3,0.0,0.0,0.0,26.7,21.5,120.0,6.0,0.0,15.0,7.0,24.1,10.1,20.6,0,25.4,22.3,0.0,50097.1
2025-06-14 03:03:03,22.8,21.6,0.0,5.3,0.0,0.0,0.0,23.4,21.2,66.0,6.1,0.0,0.0,0.0,23.9,21.0,106.0,5.9,0.0,8.0,0.0,22.5,3.1,19.5,3,26.1,21.6,0.0,49938.42
2025-06-14 09:03:03,23.4,21.5,0.0,5.3,0.0,0.0,0.0,24.0,21.1,60.0,6.2,0.0,0.0,0.0,24.3,20.9,102.0,5.9,0.0,6.0,0.0,23.6,10.9,19.5,3,26.1,22.1,0.0,47500.12
2025-06-14 15:03:03,29.5,58.7,173.0,7.1,0.0,40.0,32.0,28.1,54.5,210.0,6.3,5.0,58.0,50.0,30.0,44.1,317.0,6.6,27.0,110.0,102.0,26.2,14.4,19.5,3,26.2,22.1,0.0,47141.26
2025-06-14 21:03:03,24.1,52.6,137.0,6.4,0.0,23.0,15.0,26.3,47.2,189.0,6.1,1.0,48.0,40.0,26.0,41.3,272.0,6.3,18.0,88.0,81.0,24.8,6.8,19.5,3,26.0,22.1,0.0,47636.46
2025-06-15 03:03:03,22.5,51.0,125.0,6.1,0.0,17.0,9.0,23.3,45.6,176.0,5.8,0.0,42.0,34.0,23.5,40.2,244.0,5.9,12.0,74.0,67.0,23.5,9.0,19.6,3,25.5,22.4,0.0,47989.61
2025-06-15 09:03:03,22.5,50.0,120.0,6.0,0.0,15.0,7.0,23.3,44.9,176.0,5.7,0.0,42.0,34.0,23.4,39.6,243.0,5.7,12.0,74.0,66.0,24.4,8.7,19.6,3,25.9,23.3,0.0,41313.13
2025-06-15 15:03:03,28.4,47.0,123.0,6.2,0.0,16.0,8.0,27.5,43.9,181.0,5.9,0.0,44.0,36.0,28.6,40.0,284.0,5.9,20.0,94.0,86.0,25.9,20.2,19.6,3,25.9,23.3,0.0,45447.01
2025-06-15 21:03:03,23.9,39.4,58.0,5.8,0.0,0.0,0.0,25.7,35.3,144.0,5.6,0.0,26.0,18.0,25.8,33.3,206.0,5.6,4.0,56.0,48.0,24.4,11.4,19.6,3,26.1,23.3,0.0,46347.06
2025-06-16 03:03:02,22.0,36.8,37.0,5.6,0.0,0.0,0.0,22.7,32.0,125.0,5.5,0.0,17.0,9.0,23.4,31.2,190.0,5.4,1.0,48.0,41.0,21.6,3.4,20.1,0,26.5,21.5,0.0,50161.84
2025-06-16 09:03:03,20.8,34.7,18.0,5.3,0.0,0.0,0.0,21.5,29.8,111.0,5.6,0.0,10.0,2.0,22.3,29.4,182.0,5.4,0.0,45.0,37.0,23.6,5.8,20.1,0,26.2,21.6,0.0,50161.84
2025-06-16 15:03:03,28.6,28.1,5.0,5.8,0.0,0.0,0.0,27.5,28.0,115.0,5.9,0.0,12.0,4.0,29.3,27.8,190.0,5.7,1.0,48.0,41.0,26.2,22.9,20.1,0,26.4,21.6,0.0,50161.84
2025-06-16 21:03:03,22.6,24.4,0.0,5.2,0.0,0.0,0.0,25.4,25.8,76.0,5.6,0.0,0.0,0.0,25.5,25.1,150.0,5.6,0.0,29.0,21.0,23.6,4.7,20.1,0,26.2,21.6,0.0,50161.84
2025-06-17 03:03:03,21.0,23.9,0.0,5.1,0.0,0.0,0.0,22.0,24.9,47.0,5.6,0.0,0.0,0.0,22.5,24.2,130.0,5.5,0.0,19.0,11.0,22.0,3.6,18.7,0,25.8,21.4,0.0,50180.22
2025-06-17 09:03:03,21.2,23.6,0.0,5.0,0.0,0.0,0.0,22.0,24.5,39.0,5.6,0.0,0.0,0.0,22.5,23.8,123.0,5.5,0.0,16.0,8.0,23.5,1.4,18.7,0,25.6,21.3,0.0,50180.22
2025-06-17 15:03:02,30.8,46.8,91.0,6.0,0.0,1.0,0.0,29.3,47.2,182.0,5.7,0.0,45.0,37.0,30.8,42.4,273.0,6.0,18.0,88.0,81.0,25.9,12.6,18.7,0,25.9,21.3,0.0,50180.22
2025-06-17 21:03:02,24.6,44.5,51.0,5.8,0.0,0.0,0.0,28.1,43.9,176.0,5.7,0.0,42.0,34.0,27.4,40.1,232.0,5.9,9.0,69.0,61.0,24.6,5.4,18.7,0,25.7,21.3,0.0,50180.22
2025-06-18 03:03:03,22.1,44.0,37.0,5.5,0.0,0.0,0.0,23.2,42.8,157.0,5.5,0.0,32.0,25.0,23.8,38.7,195.0,5.7,2.0,51.0,43.0,23.4,3.5,18.4,0,27.5,22.4,0.0,50197.26
2025-06-18 09:03:03,22.0,43.4,35.0,5.5,0.0,0.0,0.0,22.6,42.4,155.0,5.6,0.0,31.0,24.0,23.4,38.5,193.0,5.7,1.0,50.0,42.0,24.6,3.1,18.4,0,27.3,22.6,0.0,50197.26
2025-06-18 15:03:02,29.3,42.2,54.0,6.2,0.0,0.0,0.0,27.7,42.6,167.0,5.8,0.0,37.0,29.0,30.0,39.6,257.0,5.9,15.0,81.0,73.0,27.5,13.1,18.4,0,27.6,22.6,0.0,50197.26
2025-06-18 21:03:03,24.2,31.7,0.0,5.7,0.0,0.0,0.0,27.6,34.8,142.0,5.6,0.0,25.0,17.0,27.2,34.8,194.0,5.8,2.0,50.0,43.0,24.6,3.3,18.4,0,27.4,22.6,0.0,50197.26
2025-06-19 03:03:03,21.9,29.5,0.0,5.6,0.0,0.0,0.0,23.0,32.2,118.0,5.5,0.0,14.0,6.0,23.9,33.2,182.0,5.6,0.0,45.0,37.0,23.1,4.9,19.3,0,26.9,22.2,0.0,47457.59
2025-06-19 09:03:02,21.2,27.8,0.0,5.6,0.0,0.0,0.0,22.0,30.8,107.0,5.5,0.0,8.0,0.0,23.0,32.0,175.0,5.6,0.0,41.0,33.0,24.7,1.5,19.3,0,27.0,22.1,0.0,50212.9
2025-06-19 15:03:03,29.4,26.4,0.0,5.7,0.0,0.0,0.0,29.3,29.7,121.0,5.8,0.0,15.0,7.0,30.7,31.2,188.0,5.9,0.0,47.0,40.0,27.4,15.6,19.3,0,27.3,22.1,0.0,50212.9
2025-06-19 21:03:03,24.8,24.1,0.0,5.6,0.0,0.0,0.0,28.4,26.4,90.0,5.7,0.0,0.0,0.0,28.3,26.7,155.0,5.9,0.0,31.0,24.0,25.8,9.1,19.3,0,27.3,22.1,0.0,50212.9
2025-06-20 03:03:03,22.1,23.5,0.0,5.7,0.0,0.0,0.0,23.5,25.5,61.0,5.6,0.0,0.0,0.0,24.3,25.7,132.0,5.7,0.0,20.0,12.0,23.4,4.7,20.0,0,27.6,22.8,0.0,48001.63
2025-06-20 09:03:02,22.0,23.3,0.0,5.6,0.0,0.0,0.0,22.9,25.1,50.0,5.7,0.0,0.0,0.0,23.7,25.1,122.0,5.7,0.0,16.0,8.0,25.5,7.1,20.0,0,27.8,23.2,0.0,47819.43
2025-06-20 15:03:03,30.3,59.6,109.0,6.4,0.0,9.0,1.0,30.4,51.6,185.0,5.9,0.0,46.0,38.0,31.2,45.6,293.0,6.1,22.0,98.0,91.0,28.1,21.9,20.0,0,28.1,23.2,0.0,47637.23
2025-06-20 21:03:03,25.5,53.1,73.0,5.8,0.0,0.0,0.0,29.2,46.5,182.0,5.7,0.0,45.0,37.0,28.7,42.8,241.0,6.1,11.0,73.0,65.0,26.1,12.7,20.0,0,27.9,23.2,0.0,46800.0
2025-06-21 03:03:03,23.7,51.4,61.0,5.7,0.0,0.0,0.0,24.9,46.2,169.0,5.5,0.0,38.0,30.0,25.4,42.0,201.0,5.8,3.0,54.0,46.0,24.3,6.0,20.7,0,28.0,23.3,0.0,50239.77
2025-06-21 09:03:03,22.5,50.0,51.0,5.7,0.0,0.0,0.0,23.7,45.9,166.0,5.5,0.0,37.0,29.0,24.5,41.6,195.0,5.8,2.0,51.0,43.0,25.9,8.7,20.7,0,27.8,23.7,0.0,50239.77
2025-06-21 15:03:03,30.2,46.5,65.0,6.3,0.0,0.0,0.0,29.8,46.1,183.0,5.8,0.0,45.0,37.0,31.6,42.0,258.0,6.0,15.0,81.0,74.0,28.0,19.7,20.7,0,28.0,23.7,0.0,50239.77
2025-06-21 21:03:03,25.6,35.7,0.0,5.9,0.0,0.0,0.0,29.6,39.9,158.0,5.6,0.0,33.0,25.0,29.3,38.2,195.0,5.9,2.0,51.0,43.0,26.0,9.3,20.7,0,27.8,23.7,0.0,50239.77
2025-06-22 03:03:02,22.5,32.1,0.0,5.9,0.0,0.0,0.0,24.0,37.1,127.0,5.4,0.0,18.0,10.0,24.9,36.7,178.0,5.6,0.0,43.0,35.0,23.8,4.7,19.4,0,28.1,23.0,0.0,46800.0
2025-06-22 09:03:02,22.1,29.5,0.0,5.9,0.0,0.0,0.0,23.4,35.5,118.0,5.5,0.0,14.0,6.0,24.2,35.7,172.0,5.6,0.0,40.0,32.0,25.8,6.9,19.4,0,28.0,23.1,0.0,46800.0
2025-06-22 15:03:03,31.9,27.1,0.0,6.0,0.0,0.0,0.0,31.1,35.3,133.0,5.8,0.0,21.0,13.0,32.3,34.8,186.0,5.9,0.0,46.0,39.0,28.0,18.7,19.4,0,27.9,23.1,0.0,48729.79
2025-06-22 21:03:03,26.6,24.5,0.0,5.9,0.0,0.0,0.0,30.0,27.7,98.0,5.6,0.0,4.0,0.0,29.7,28.1,154.0,5.8,0.0,31.0,23.0,26.6,12.0,19.4,0,27.7,23.1,0.0,46800.0
2025-06-23 03:03:03,23.2,23.9,0.0,5.6,0.0,0.0,0.0,24.9,26.8,67.0,5.5,0.0,0.0,0.0,25.4,27.1,129.0,5.7,0.0,19.0,11.0,24.8,7.0,19.3,0,28.4,23.6,0.0,50260.41
2025-06-23 09:03:03,23.2,23.5,0.0,5.8,0.0,0.0,0.0,24.3,26.3,57.0,5.6,0.0,0.0,0.0,24.9,26.6,120.0,5.7,0.0,15.0,7.0,26.1,3.6,19.3,0,28.6,23.7,0.0,49278.16
2025-06-23 15:03:02,31.3,60.2,87.0,6.2,0.0,0.0,0.0,30.1,59.1,185.0,5.8,0.0,46.0,38.0,31.7,50.0,237.0,6.0,11.0,71.0,64.0,29.1,22.2,19.3,0,29.1,23.7,0.0,50260.41
2025-06-23 21:03:02,26.1,53.6,49.0,6.0,0.0,0.0,0.0,29.7,53.4,179.0,5.7,0.0,43.0,35.0,29.3,46.1,197.0,6.0,2.0,52.0,44.0,27.5,13.5,19.3,0,28.9,23.7,0.0,50260.41
2025-06-24 03:03:02,23.0,51.9,29.0,5.6,0.0,0.0,0.0,24.4,52.4,161.0,5.5,0.0,34.0,27.0,25.2,45.5,185.0,5.9,0.0,46.0,38.0,25.0,5.9,18.9,0,29.3,23.8,0.0,50268.26
2025-06-24 09:03:03,21.7,51.4,22.0,5.6,0.0,0.0,0.0,23.0,50.9,155.0,5.5,0.0,31.0,24.0,23.9,45.2,181.0,5.8,0.0,44.0,36.0,26.5,6.9,18.9,0,29.4,23.8,0.0,50268.26
2025-06-24 15:03:03,30.9,48.4,50.0,6.2,0.0,0.0,0.0,30.6,50.8,175.0,5.8,0.0,41.0,33.0,32.1,45.1,252.0,6.1,14.0,78.0,71.0,27.0,9.5,18.9,0,29.0,23.8,0.0,50268.26
2025-06-24 21:03:04,26.7,38.9,0.0,6.0,0.0,0.0,0.0,30.5,44.5,159.0,5.6,0.0,33.0,26.0,30.1,42.1,199.0,5.9,3.0,53.0,45.0,27.0,9.5,18.9,0,29.0,23.8,0.0,50268.26
2025-06-25 03:03:03,23.2,36.0,0.0,5.8,0.0,0.0,0.0,24.6,43.3,136.0,5.4,0.0,22.0,14.0,25.5,41.7,186.0,5.7,0.0,46.0,39.0,24.0,4.9,20.6,0,30.1,23.6,0.0,41679.88
2025-06-25 09:03:03,21.9,33.3,0.0,5.8,0.0,0.0,0.0,22.9,42.3,126.0,5.4,0.0,18.0,10.0,23.8,41.1,180.0,5.7,0.0,44.0,36.0,26.4,2.7,20.6,0,29.6,23.4,0.0,50005.88
2025-06-25 15:03:04,33.3,28.1,0.0,5.9,0.0,0.0,0.0,31.5,41.2,144.0,5.8,0.0,26.0,18.0,32.8,40.8,198.0,6.2,2.0,52.0,45.0,27.0,3.3,20.6,0,29.8,23.4,0.0,49644.06
2025-06-25 21:03:03,28.0,25.1,0.0,5.7,0.0,0.0,0.0,30.7,34.2,117.0,5.6,0.0,13.0,5.0,30.6,35.3,174.0,5.9,0.0,41.0,33.0,27.0,3.3,20.6,0,29.8,23.4,0.0,49644.06
2025-06-26 03:03:02,24.4,24.5,0.0,5.1,0.0,0.0,0.0,25.6,32.4,89.0,5.5,0.0,0.0,0.0,26.3,33.0,157.0,5.8,0.0,32.0,25.0,25.2,8.8,21.2,23,28.3,24.3,0.0,50278.78
2025-06-26 09:03:03,23.7,24.1,0.0,5.0,0.0,0.0,0.0,24.7,31.1,78.0,5.5,0.0,0.0,0.0,25.4,31.8,149.0,5.8,0.0,29.0,21.0,26.1,0.7,21.2,23,28.4,24.5,0.0,50278.78
2025-06-26 15:03:03,30.5,60.9,78.0,6.1,0.0,0.0,0.0,29.7,57.2,180.0,5.9,0.0,44.0,36.0,30.2,61.3,280.0,5.8,20.0,92.0,84.0,28.5,19.8,21.2,23,28.5,24.5,0.0,50278.78
2025-06-26 21:03:02,26.8,55.4,49.0,5.5,0.0,0.0,0.0,30.3,52.4,177.0,5.7,0.0,42.0,34.0,29.4,55.3,262.0,5.7,16.0,83.0,76.0,26.3,1.5,20.2,0,29.3,23.7,0.0,49642.58
2025-06-27 03:03:03,23.2,53.6,29.0,5.3,0.0,0.0,0.0,24.6,51.6,157.0,5.5,0.0,32.0,25.0,25.1,54.1,215.0,5.6,6.0,60.0,53.0,26.3,1.5,20.2,0,29.3,23.7,0.0,49642.58
2025-06-27 09:03:03,22.4,52.1,22.0,5.3,0.0,0.0,0.0,23.7,50.6,153.0,5.6,0.0,31.0,23.0,24.2,53.5,206.0,5.7,4.0,56.0,48.0,26.3,1.5,20.2,0,29.3,23.7,0.0,49642.58
2025-06-27 15:03:03,30.9,49.3,42.0,6.2,0.0,0.0,0.0,30.3,50.2,169.0,5.9,0.0,38.0,30.0,31.2,52.8,286.0,6.0,21.0,95.0,87.0,27.1,10.0,20.2,0,29.8,23.7,0.0,48909.26
2025-06-27 21:03:03,27.6,41.0,0.0,5.7,0.0,0.0,0.0,30.8,44.5,156.0,5.6,0.0,32.0,24.0,30.1,48.3,233.0,5.6,10.0,69.0,62.0,27.1,10.0,20.2,0,29.8,23.7,0.0,48909.26
2025-06-28 03:03:03,24.5,40.1,0.0,5.5,0.0,0.0,0.0,25.6,43.9,138.0,5.5,0.0,23.0,15.0,26.3,46.9,197.0,5.5,2.0,52.0,44.0,26.0,6.3,22.9,0,29.0,24.6,0.0,50282.04
2025-06-28 09:03:03,23.7,38.5,0.0,5.7,0.0,0.0,0.0,24.7,43.2,132.0,5.5,0.0,20.0,12.0,25.3,46.5,193.0,5.5,1.0,50.0,42.0,27.0,2.3,22.9,0,28.5,24.5,0.0,50282.04
2025-06-28 15:03:03,33.6,34.0,0.0,6.1,0.0,0.0,0.0,31.7,42.8,149.0,5.8,0.0,29.0,21.0,32.6,46.7,244.0,6.1,12.0,74.0,67.0,26.9,6.3,22.9,0,28.8,24.5,0.0,50282.04
2025-06-28 21:03:03,28.6,26.4,0.0,5.7,0.0,0.0,0.0,31.8,36.0,119.0,5.7,0.0,14.0,6.0,31.2,43.0,194.0,5.5,2.0,50.0,43.0,26.9,6.3,22.9,0,28.8,24.5,0.0,50282.04
2025-06-29 03:03:03,25.4,25.8,0.0,5.6,0.0,0.0,0.0,26.5,34.6,96.0,5.5,0.0,3.0,0.0,27.2,42.3,181.0,5.4,0.0,44.0,36.0,25.4,3.4,23.5,0,30.2,25.2,0.0,50280.82
2025-06-29 09:03:03,24.7,25.3,0.0,5.4,0.0,0.0,0.0,25.5,33.5,87.0,5.5,0.0,0.0,0.0,26.1,41.7,175.0,5.5,0.0,41.0,33.0,27.8,2.9,23.5,0,30.7,25.2,0.0,50280.82
2025-06-29 15:03:03,32.2,61.9,102.0,5.8,0.0,6.0,0.0,30.5,61.9,188.0,5.7,0.0,47.0,40.0,32.3,55.5,274.0,6.1,18.0,89.0,82.0,27.1,5.4,23.5,0,31.0,25.2,0.0,50280.82
2025-06-29 21:03:02,28.9,55.4,75.0,5.3,0.0,0.0,0.0,32.3,55.2,187.0,5.7,0.0,47.0,39.0,31.4,51.8,259.0,5.6,15.0,82.0,74.0,27.1,5.4,23.5,0,31.0,25.2,0.0,50280.82
2025-06-30 03:03:03,25.5,54.8,58.0,5.2,0.0,0.0,0.0,26.8,54.5,169.0,5.5,0.0,38.0,30.0,27.5,51.3,225.0,5.5,8.0,65.0,58.0,25.9,4.5,21.9,0,31.3,24.8,0.0,50277.64
2025-06-30 09:03:03,24.3,53.6,50.0,5.3,0.0,0.0,0.0,25.4,53.8,163.0,5.6,0.0,35.0,28.0,26.1,50.9,216.0,5.6,6.0,61.0,53.0,27.9,3.3,21.9,0,31.1,24.9,0.0,50277.64
2025-06-30 15:03:02,33.4,51.5,77.0,6.2,0.0,0.0,0.0,32.3,52.7,180.0,5.9,0.0,44.0,36.0,33.4,51.1,301.0,6.1,24.0,102.0,95.0,28.7,6.8,21.9,0,30.7,24.9,0.0,50277.64
2025-06-30 21:03:03,29.4,42.5,13.0,5.6,0.0,0.0,0.0,32.9,46.1,167.0,5.7,0.0,37.0,29.0,32.4,46.5,257.0,5.6,15.0,81.0,73.0,28.7,6.8,21.9,0,30.7,24.9,0.0,50277.64
2025-07-01 03:03:03,25.7,40.0,0.0,5.5,0.0,0.0,0.0,27.0,44.8,144.0,5.5,0.0,26.0,18.0,27.9,45.9,203.0,5.4,3.0,55.0,47.0,26.8,3.8,21.6,0,30.4,25.7,0.0,50272.45
2025-07-01 09:03:03,24.9,38.1,0.0,5.4,0.0,0.0,0.0,25.8,44.0,136.0,5.6,0.0,22.0,14.0,26.6,45.6,197.0,5.5,2.0,52.0,44.0,28.5,4.0,21.6,0,30.4,25.8,0.0,50272.45
2025-07-01 15:03:03,34.6,34.0,0.0,6.0,0.0,0.0,0.0,32.1,43.2,149.0,5.8,0.0,29.0,21.0,33.1,45.2,241.0,6.0,11.0,73.0,65.0,30.5,10.7,21.6,0,30.6,25.8,0.0,50272.45
2025-07-01 21:03:03,29.9,26.8,0.0,5.4,0.0,0.0,0.0,33.2,37.4,124.0,5.7,0.0,17.0,9.0,32.5,42.0,196.0,5.5,2.0,51.0,44.0,28.9,3.3,21.6,0,30.6,25.8,0.0,50272.45
2025-07-02 03:03:03,24.3,25.5,0.0,4.9,0.0,0.0,0.0,25.7,34.6,87.0,5.4,0.0,0.0,0.0,26.5,40.0,171.0,5.3,0.0,39.0,31.0,26.4,5.7,24.5,0,29.4,25.2,0.0,47441.33
2025-07-02 09:03:03,23.7,24.9,0.0,4.8,0.0,0.0,0.0,24.7,33.1,76.0,5.5,0.0,0.0,0.0,25.4,38.7,163.0,5.3,0.0,35.0,28.0,27.4,2.5,24.5,0,29.5,25.1,0.0,45894.2
2025-07-02 15:03:03,31.9,62.4,92.0,5.8,0.0,1.0,0.0,30.2,60.8,186.0,5.7,0.0,46.0,39.0,30.5,60.9,287.0,6.1,21.0,95.0,88.0,29.5,12.9,24.5,0,29.5,25.1,0.0,46417.68
2025-07-02 21:03:03,28.8,57.0,70.0,5.2,0.0,0.0,0.0,31.9,54.5,186.0,5.8,0.0,46.0,39.0,30.6,55.7,276.0,5.5,19.0,90.0,82.0,NO WIFI,NO WIFI,NO WIFI,NO WIFI,NO WIFI,NO WIFI,NO WIFI,NO WIFI
2025-07-03 03:03:02,26.1,56.1,57.0,5.0,0.0,0.0,0.0,27.2,53.8,171.0,5.7,0.0,39.0,31.0,27.4,54.8,241.0,5.4,11.0,73.0,65.0,25.9,4.6,23.8,0,30.2,25.1,0.0,50255.86
2025-07-03 09:03:03,24.9,55.7,50.0,5.0,0.0,0.0,0.0,25.9,53.6,168.0,5.7,0.0,38.0,30.0,26.2,54.1,225.0,5.4,8.0,65.0,58.0,27.7,0.5,23.8,0,30.3,25.8,0.0,50255.86
2025-07-03 15:03:03,31.7,53.6,72.0,6.1,0.0,0.0,0.0,31.5,54.5,184.0,5.9,0.0,45.0,38.0,32.0,53.7,298.0,5.9,23.0,100.0,93.0,30.5,18.5,23.8,0,30.4,25.8,0.0,50255.86
2025-07-03 21:03:03,26.3,45.7,17.0,5.4,0.0,0.0,0.0,29.3,47.2,160.0,5.6,0.0,34.0,26.0,28.8,49.2,224.0,5.2,8.0,65.0,57.0,28.5,13.8,23.8,0,30.3,25.8,0.0,50255.86
2025-07-04 03:03:03,23.9,43.9,0.0,5.3,0.0,0.0,0.0,25.3,46.5,146.0,5.6,0.0,27.0,19.0,25.8,47.6,195.0,5.1,2.0,51.0,43.0,26.5,2.9,22.3,0,30.2,25.7,0.0,50244.36
2025-07-04 09:03:03,23.9,42.7,0.0,5.3,0.0,0.0,0.0,25.0,46.2,144.0,5.6,0.0,26.0,18.0,25.4,46.9,192.0,5.2,1.0,49.0,42.0,27.7,4.3,22.3,0,30.1,25.6,0.0,50244.36
2025-07-04 15:03:03,33.1,39.7,0.0,5.8,0.0,0.0,0.0,31.7,45.9,161.0,5.9,0.0,34.0,27.0,32.4,46.5,230.0,6.0,9.0,68.0,60.0,29.9,16.2,22.3,0,30.0,25.6,0.0,50244.36
2025-07-04 21:03:02,28.3,28.8,0.0,5.3,0.0,0.0,0.0,31.4,40.4,134.0,5.7,0.0,21.0,13.0,30.8,43.1,189.0,5.4,1.0,48.0,40.0,28.7,11.5,22.3,0,29.8,25.6,0.0,50244.36
2025-07-05 03:03:03,24.1,26.9,0.0,4.9,0.0,0.0,0.0,25.5,39.1,105.0,5.5,0.0,7.0,0.0,26.0,41.7,166.0,5.2,0.0,37.0,29.0,26.7,3.5,20.6,0,30.6,25.3,0.0,44827.81
2025-07-05 09:03:02,24.0,26.3,0.0,4.8,0.0,0.0,0.0,25.0,38.3,99.0,5.6,0.0,4.0,0.0,25.6,40.7,163.0,5.3,0.0,35.0,28.0,27.4,1.1,20.6,0,30.2,25.0,0.0,43200.0
2025-07-05 15:03:03,29.9,63.4,87.0,5.4,0.0,0.0,0.0,30.8,63.8,199.0,5.7,3.0,53.0,45.0,29.6,64.4,279.0,6.0,19.0,91.0,84.0,30.2,15.8,20.6,0,30.2,25.0,0.0,46899.73
2025-07-05 21:03:03,28.7,57.8,74.0,5.2,0.0,0.0,0.0,31.8,55.4,191.0,5.8,1.0,49.0,41.0,30.8,59.2,280.0,5.6,20.0,92.0,84.0,28.8,6.7,20.6,0,30.5,25.0,0.0,49259.32
2025-07-06 03:03:02,25.5,56.8,57.0,5.0,0.0,0.0,0.0,26.8,54.5,175.0,5.7,0.0,41.0,33.0,27.1,57.9,248.0,5.4,13.0,76.0,69.0,26.0,3.1,23.2,0,29.4,24.2,0.0,45458.09
2025-07-06 09:03:03,24.4,56.1,51.0,5.0,0.0,0.0,0.0,25.5,54.3,171.0,5.7,0.0,39.0,31.0,25.9,57.3,247.0,5.5,13.0,76.0,68.0,27.0,3.1,23.2,0,29.5,24.7,0.0,47626.89
2025-07-06 15:03:03,29.1,54.7,67.0,5.6,0.0,0.0,0.0,31.1,53.8,185.0,5.9,0.0,46.0,38.0,30.6,55.8,303.0,5.8,24.0,103.0,96.0,29.4,18.2,23.2,0,29.4,24.2,0.0,48713.02
2025-07-06 21:03:03,27.2,50.1,43.0,5.5,0.0,0.0,0.0,30.1,49.7,172.0,5.7,0.0,40.0,32.0,29.5,52.8,275.0,5.5,18.0,89.0,82.0,26.3,28.4,23.2,0,29.5,24.4,0.0,47083.82
2025-07-07 03:03:03,22.5,48.0,11.0,5.2,0.0,0.0,0.0,24.0,48.5,149.0,5.5,0.0,29.0,21.0,24.3,51.4,204.0,5.5,4.0,55.0,47.0,23.9,9.6,17.8,3,28.5,23.8,0.0,47249.86
2025-07-07 09:03:03,22.7,46.6,4.0,5.4,0.0,0.0,0.0,24.1,48.1,149.0,5.6,0.0,29.0,21.0,24.4,50.7,198.0,5.9,2.0,52.0,45.0,25.5,14.2,17.8,3,28.5,23.8,0.0,48253.89
2025-07-07 15:03:03,27.3,44.3,3.0,5.5,0.0,0.0,0.0,29.4,47.8,164.0,5.8,0.0,36.0,28.0,29.1,49.9,230.0,6.4,9.0,68.0,60.0,28.1,18.9,17.8,3,28.6,23.8,0.0,47850.82
2025-07-07 21:03:03,25.8,39.5,0.0,5.3,0.0,0.0,0.0,28.1,44.6,149.0,5.6,0.0,29.0,21.0,27.9,46.9,195.0,6.1,2.0,51.0,43.0,24.4,23.8,17.8,3,27.6,23.8,0.0,45865.54
2025-07-08 03:03:03,22.2,37.1,0.0,5.0,0.0,0.0,0.0,23.7,43.9,130.0,5.5,0.0,19.0,11.0,24.0,45.9,179.0,5.8,0.0,43.0,35.0,24.3,15.9,20.5,18,26.9,23.6,0.0,48730.18
2025-07-08 09:03:02,19.8,33.5,0.0,4.8,0.0,0.0,0.0,21.3,42.6,113.0,5.4,0.0,11.0,3.0,21.7,44.9,164.0,5.6,0.0,36.0,28.0,24.0,19.4,20.5,18,27.3,23.6,0.0,46794.28
2025-07-08 15:03:03,27.6,66.1,109.0,5.4,0.0,9.0,1.0,26.9,68.7,263.0,5.7,16.0,84.0,76.0,27.0,67.1,301.0,6.5,24.0,102.0,95.0,26.8,20.9,20.5,18,27.3,23.6,0.0,46974.16
2025-07-08 21:03:02,24.7,59.3,83.0,4.9,0.0,0.0,0.0,27.6,59.9,223.0,5.7,8.0,64.0,57.0,26.5,61.8,275.0,5.8,18.0,89.0,82.0,24.5,11.7,20.5,18,26.9,23.6,0.0,48233.35
2025-07-09 03:03:02,22.4,58.1,72.0,4.7,0.0,0.0,0.0,23.8,59.1,192.0,5.6,1.0,49.0,42.0,23.8,60.9,240.0,5.7,11.0,72.0,65.0,24.2,4.1,18.8,3,26.2,23.8,0.0,45863.7
2025-07-09 09:03:02,21.6,57.4,65.0,4.7,0.0,0.0,0.0,23.2,58.5,189.0,5.7,1.0,48.0,40.0,23.2,60.3,230.0,5.7,9.0,68.0,60.0,24.8,6.8,18.8,3,25.8,24.1,0.0,45389.08
2025-07-09 15:03:03,25.0,55.5,77.0,5.5,0.0,0.0,0.0,28.0,57.6,203.0,5.9,3.0,55.0,47.0,27.3,58.6,283.0,5.8,20.0,93.0,86.0,25.4,17.6,18.8,3,25.7,24.1,0.0,44864.85
2025-07-09 21:03:03,23.2,52.6,57.0,5.2,0.0,0.0,0.0,25.3,55.0,186.0,5.7,0.0,46.0,39.0,25.4,55.7,244.0,5.5,12.0,74.0,67.0,25.0,7.6,18.8,3,25.8,24.1,0.0,39166.21
2025-07-10 03:03:02,22.4,51.2,47.0,5.1,0.0,0.0,0.0,23.6,53.9,178.0,5.7,0.0,43.0,35.0,23.9,55.0,216.0,5.5,6.0,61.0,53.0,24.0,5.2,20.0,0,26.6,23.4,0.0,43549.54
2025-07-10 09:03:03,23.2,50.3,46.0,5.2,0.0,0.0,0.0,24.3,53.4,179.0,5.8,0.0,43.0,35.0,24.4,54.3,213.0,5.6,6.0,59.0,52.0,24.4,3.2,20.0,0,26.0,23.4,0.0,40246.39
2025-07-10 15:03:03,29.7,47.0,52.0,5.8,0.0,0.0,0.0,28.7,52.7,188.0,5.9,0.0,47.0,40.0,29.2,53.2,245.0,6.1,12.0,75.0,67.0,25.5,12.9,20.0,0,25.9,23.4,0.0,42668.09
2025-07-10 21:03:03,26.1,40.1,0.0,5.5,0.0,0.0,0.0,29.3,47.6,179.0,5.8,0.0,43.0,35.0,28.2,49.5,199.0,5.5,3.0,53.0,45.0,25.2,7.0,20.0,0,25.9,23.4,0.0,45574.57
2025-07-11 03:03:03,23.2,39.0,0.0,5.3,0.0,0.0,0.0,24.3,46.9,162.0,5.6,0.0,35.0,27.0,24.8,49.3,189.0,5.3,1.0,48.0,40.0,23.5,3.6,20.4,0,27.1,23.1,0.0,44076.17
2025-07-11 09:03:03,23.5,38.1,0.0,5.3,0.0,0.0,0.0,24.4,46.7,162.0,5.7,0.0,35.0,27.0,24.9,49.0,188.0,5.5,0.0,47.0,40.0,24.3,1.6,20.4,0,27.2,22.9,0.0,40349.86
2025-07-11 15:03:03,26.1,67.3,39.0,5.8,0.0,0.0,0.0,28.0,71.2,195.0,5.8,2.0,51.0,43.0,26.6,67.4,192.0,6.0,1.0,49.0,42.0,26.8,14.8,20.4,0,26.8,22.9,0.0,39206.44
2025-07-11 21:03:03,26.2,61.5,41.0,5.5,0.0,0.0,0.0,29.0,63.6,195.0,5.8,2.0,51.0,43.0,28.0,62.9,200.0,5.8,3.0,53.0,46.0,26.8,11.1,20.4,0,27.6,22.9,0.0,42917.32
2025-07-12 03:03:03,24.3,61.7,33.0,5.6,0.0,0.0,0.0,25.4,63.2,178.0,5.5,0.0,43.0,35.0,25.6,62.8,192.0,5.6,1.0,49.0,42.0,25.1,4.0,22.2,0,25.9,22.3,0.0,13065.11
2025-07-12 09:03:03,24.4,61.9,36.0,5.6,0.0,0.0,0.0,25.3,63.4,181.0,5.6,0.0,44.0,36.0,25.4,62.6,191.0,5.7,1.0,49.0,41.0,23.9,6.3,22.2,0,25.9,21.3,0.0,3167.29
2025-07-12 15:03:03,25.4,60.6,39.0,5.6,0.0,0.0,0.0,27.1,61.5,185.0,5.6,0.0,46.0,38.0,26.8,61.3,193.0,5.7,1.0,50.0,42.0,23.3,15.1,22.2,0,25.9,21.6,0.0,4173.47
2025-07-12 21:03:02,21.5,60.9,27.0,5.4,0.0,0.0,0.0,22.3,62.3,172.0,5.5,0.0,40.0,32.0,22.1,62.2,195.0,5.4,2.0,51.0,43.0,22.3,6.3,22.2,0,25.9,22.3,0.0,3568.83
2025-07-13 03:03:03,20.0,60.6,21.0,5.2,0.0,0.0,0.0,20.6,61.5,170.0,5.5,0.0,39.0,31.0,20.9,61.5,194.0,5.5,2.0,50.0,43.0,21.9,4.8,19.5,3,27.0,21.4,0.0,50048.24
2025-07-13 09:03:03,19.2,60.2,17.0,5.2,0.0,0.0,0.0,19.7,61.2,169.0,5.5,0.0,38.0,30.0,20.0,60.9,191.0,5.5,1.0,49.0,41.0,22.8,4.9,19.5,3,26.7,21.0,0.0,50048.24
2025-07-13 15:03:02,26.7,59.4,45.0,5.5,0.0,0.0,0.0,24.6,60.8,188.0,6.1,0.0,47.0,40.0,25.0,60.9,223.0,6.0,8.0,64.0,57.0,26.7,16.4,19.5,3,27.0,21.0,0.0,50048.24
2025-07-13 21:03:03,25.1,52.8,23.0,5.0,0.0,0.0,0.0,28.0,53.4,186.0,5.7,0.0,46.0,39.0,26.1,55.3,211.0,5.5,5.0,59.0,51.0,26.2,9.0,19.5,3,27.1,21.0,0.0,50048.24
2025-07-14 03:03:03,22.7,51.7,12.0,5.3,0.0,0.0,0.0,23.7,52.7,170.0,5.6,0.0,39.0,31.0,23.8,54.8,197.0,5.4,2.0,52.0,44.0,24.0,5.8,21.3,0,28.4,22.8,0.0,49973.66
2025-07-14 09:03:03,22.2,51.0,6.0,5.3,0.0,0.0,0.0,22.9,52.4,166.0,5.7,0.0,37.0,29.0,23.2,54.3,194.0,5.4,2.0,50.0,43.0,25.0,3.1,21.3,0,28.5,22.9,0.0,49973.66
2025-07-14 15:03:02,28.1,68.6,46.0,5.8,0.0,0.0,0.0,26.4,77.0,190.0,5.9,1.0,48.0,41.0,26.8,69.9,222.0,6.1,7.0,64.0,56.0,28.7,13.4,21.3,0,28.7,22.9,0.0,49973.66
2025-07-14 21:03:03,27.0,60.9,38.0,5.3,0.0,0.0,0.0,30.1,64.0,198.0,5.8,2.0,52.0,45.0,28.3,64.3,244.0,5.6,12.0,74.0,67.0,26.8,8.0,21.3,0,28.7,22.9,0.0,49973.66
2025-07-15 03:03:03,24.1,60.0,27.0,5.2,0.0,0.0,0.0,25.2,63.1,184.0,5.6,0.0,45.0,38.0,25.4,63.3,211.0,5.5,5.0,59.0,51.0,24.5,3.9,23.5,0,28.5,23.5,0.0,49896.3
2025-07-15 09:03:02,23.1,59.6,22.0,5.2,0.0,0.0,0.0,24.0,62.7,181.0,5.7,0.0,44.0,36.0,24.3,62.9,201.0,5.5,3.0,54.0,46.0,25.5,3.2,23.5,0,28.6,23.6,0.0,49896.3
2025-07-15 15:03:03,29.6,58.7,43.0,5.4,0.0,0.0,0.0,28.8,62.7,196.0,6.0,2.0,51.0,44.0,29.0,62.9,256.0,6.1,14.0,80.0,73.0,28.9,15.5,23.5,0,28.8,23.6,0.0,49896.3
2025-07-15 21:03:03,27.0,51.2,16.0,5.5,0.0,0.0,0.0,30.3,54.8,185.0,5.7,0.0,46.0,38.0,29.0,58.5,241.0,5.5,11.0,73.0,65.0,27.0,6.8,23.5,0,28.8,23.6,0.0,49896.3
2025-07-16 03:03:03,23.7,50.7,0.0,5.7,0.0,0.0,0.0,25.1,54.5,166.0,5.6,0.0,37.0,29.0,25.3,57.1,196.0,5.5,2.0,51.0,44.0,25.1,5.5,21.6,0,28.9,24.1,0.0,49816.23
2025-07-16 09:03:02,23.0,48.9,0.0,5.6,0.0,0.0,0.0,24.1,53.8,160.0,5.7,0.0,34.0,26.0,24.3,56.4,190.0,5.5,1.0,48.0,41.0,25.5,3.9,21.6,0,28.9,24.2,0.0,49816.23
2025-07-16 15:03:03,30.3,46.2,0.0,5.9,0.0,0.0,0.0,29.0,54.1,175.0,5.9,0.0,41.0,33.0,29.3,55.7,199.0,6.2,3.0,53.0,45.0,28.4,15.4,21.6,0,29.1,24.2,0.0,49816.23
2025-07-16 21:03:03,27.0,38.1,0.0,5.5,0.0,0.0,0.0,30.1,46.9,161.0,5.8,0.0,34.0,27.0,29.2,50.6,185.0,5.6,0.0,46.0,38.0,27.5,15.0,21.6,0,28.9,24.2,0.0,49816.23
2025-07-17 03:03:03,24.4,35.8,0.0,5.3,0.0,0.0,0.0,25.6,46.0,142.0,5.6,0.0,25.0,17.0,26.0,49.3,171.0,5.4,0.0,39.0,31.0,25.4,3.3,22.2,0,28.7,24.5,0.0,49733.58
2025-07-17 09:03:03,23.7,34.3,0.0,5.2,0.0,0.0,0.0,24.7,45.7,136.0,5.7,0.0,22.0,14.0,25.1,48.4,165.0,5.5,0.0,36.0,29.0,26.2,2.3,22.2,0,28.3,24.2,0.0,49733.58
2025-07-17 15:03:03,29.3,68.6,114.0,5.7,0.0,12.0,4.0,29.4,64.4,207.0,6.1,4.0,57.0,49.0,29.1,70.9,333.0,5.8,31.0,117.0,110.0,28.5,17.1,22.2,0,28.5,24.2,0.0,49733.58
2025-07-17 21:03:03,27.7,61.1,93.0,5.3,0.0,2.0,0.0,30.8,58.5,208.0,5.6,4.0,57.0,49.0,29.7,65.0,319.0,5.6,28.0,111.0,103.0,27.0,13.3,22.2,0,28.4,24.2,0.0,49733.58
2025-07-18 03:03:03,24.5,59.8,78.0,5.0,0.0,0.0,0.0,25.7,57.6,188.0,5.5,0.0,47.0,40.0,26.1,64.3,277.0,5.4,19.0,90.0,83.0,25.3,4.0,23.3,0,28.4,24.2,0.0,49648.44
2025-07-18 09:03:03,23.7,59.1,72.0,5.0,0.0,0.0,0.0,24.8,57.4,184.0,5.6,0.0,45.0,38.0,25.2,63.5,264.0,5.5,16.0,84.0,77.0,26.4,1.0,23.3,0,28.8,24.3,0.0,48960.89
2025-07-18 15:03:03,29.3,58.3,91.0,5.4,0.0,1.0,0.0,30.9,57.6,217.0,5.9,6.0,61.0,54.0,30.2,63.1,314.0,5.9,27.0,108.0,101.0,28.9,13.4,23.3,0,28.8,24.3,0.0,48277.35
2025-07-18 21:03:03,28.0,53.6,72.0,5.4,0.0,0.0,0.0,31.1,52.9,193.0,5.6,1.0,50.0,42.0,30.2,60.0,309.0,5.6,26.0,106.0,99.0,27.2,8.8,23.3,0,28.7,24.3,0.0,49648.44
2025-07-19 03:03:02,25.6,52.4,58.0,5.3,0.0,0.0,0.0,26.9,52.0,180.0,5.5,0.0,44.0,36.0,27.2,59.2,276.0,5.4,19.0,90.0,82.0,26.2,3.9,23.5,0,27.9,25.7,0.0,42645.73
2025-07-19 09:03:02,25.1,51.2,53.0,5.7,0.0,0.0,0.0,26.4,50.9,176.0,5.6,0.0,42.0,34.0,26.6,58.3,263.0,5.5,16.0,84.0,76.0,26.2,10.3,23.5,0,27.8,25.7,0.0,42198.23
2025-07-19 15:03:02,30.1,48.4,52.0,5.9,0.0,0.0,0.0,29.6,50.9,183.0,5.8,0.0,45.0,37.0,29.8,57.9,286.0,5.9,21.0,95.0,87.0,27.6,20.5,23.5,0,27.8,25.7,0.0,42512.95
2025-07-19 21:03:02,26.6,41.8,0.0,5.7,0.0,0.0,0.0,29.4,45.3,166.0,5.5,0.0,37.0,29.0,28.7,53.4,239.0,5.5,11.0,72.0,64.0,26.1,10.0,23.5,0,27.8,25.7,0.0,42512.95
2025-07-20 03:03:03,24.1,40.3,0.0,5.5,0.0,0.0,0.0,25.4,44.7,149.0,5.5,0.0,29.0,21.0,25.7,52.1,198.0,5.4,2.0,52.0,45.0,25.4,4.2,21.2,0,28.7,24.7,0.0,49471.11
2025-07-20 09:03:03,24.4,38.9,0.0,5.5,0.0,0.0,0.0,25.5,44.2,146.0,5.6,0.0,27.0,19.0,25.7,51.1,194.0,5.6,2.0,50.0,43.0,26.1,7.2,21.2,0,28.6,25.0,0.0,49471.11
2025-07-20 15:03:03,29.7,69.3,95.0,5.9,0.0,3.0,0.0,29.1,60.2,191.0,5.7,1.0,49.0,41.0,29.0,74.9,312.0,6.0,26.0,107.0,100.0,28.5,21.4,21.2,0,28.6,25.0,0.0,49471.11
2025-07-20 21:03:03,27.6,61.7,78.0,5.4,0.0,0.0,0.0,30.6,56.3,194.0,5.6,2.0,50.0,43.0,29.6,66.7,304.0,5.6,25.0,103.0,96.0,27.5,11.2,21.2,0,28.6,25.0,0.0,49471.11
2025-07-21 03:03:03,25.0,60.6,66.0,5.1,0.0,0.0,0.0,26.1,56.1,181.0,5.4,0.0,44.0,36.0,26.4,65.4,267.0,5.4,17.0,86.0,78.0,25.8,4.8,23.5,0,26.6,24.7,0.0,48550.78
2025-07-21 09:03:03,23.5,60.0,58.0,4.9,0.0,0.0,0.0,24.9,55.5,178.0,5.6,0.0,43.0,35.0,25.0,64.8,245.0,5.5,12.0,75.0,67.0,24.5,17.4,23.5,0,26.6,24.5,0.0,47156.54
2025-07-21 15:03:03,27.9,59.1,70.0,5.4,0.0,0.0,0.0,26.8,55.2,183.0,5.8,0.0,45.0,37.0,27.1,64.3,266.0,5.9,17.0,85.0,78.0,26.2,18.6,23.5,0,26.6,24.3,0.0,47156.54
2025-07-21 21:03:02,25.0,51.9,44.0,5.5,0.0,0.0,0.0,28.2,50.9,178.0,5.6,0.0,43.0,35.0,26.9,60.3,263.0,5.5,16.0,84.0,76.0,25.1,12.4,23.5,0,26.6,24.3,0.0,47156.54
2025-07-22 03:03:03,21.8,51.0,23.0,5.3,0.0,0.0,0.0,23.0,50.2,159.0,5.3,0.0,33.0,26.0,23.4,59.4,216.0,5.3,6.0,61.0,53.0,24.0,2.5,16.7,0,27.5,22.9,0.0,48564.99
2025-07-22 09:03:03,22.0,50.0,17.0,5.4,0.0,0.0,0.0,23.2,49.9,159.0,5.5,0.0,33.0,26.0,23.4,58.6,208.0,5.5,4.0,57.0,49.0,24.5,2.7,16.7,0,27.6,22.8,0.0,49062.01
2025-07-22 15:03:03,28.7,47.2,26.0,5.9,0.0,0.0,0.0,29.9,48.6,177.0,5.9,0.0,42.0,34.0,29.4,58.3,260.0,6.1,15.0,82.0,75.0,27.1,17.6,16.7,0,27.4,22.8,0.0,49285.04
2025-07-22 21:03:03,26.5,40.6,0.0,5.6,0.0,0.0,0.0,29.5,43.9,158.0,5.7,0.0,33.0,25.0,28.7,52.7,206.0,5.7,4.0,56.0,48.0,26.5,14.6,16.7,0,26.6,22.8,0.0,49285.04
2025-07-23 03:03:03,24.3,39.2,0.0,5.6,0.0,0.0,0.0,25.4,43.5,141.0,5.6,0.0,25.0,17.0,25.7,51.3,189.0,5.5,1.0,48.0,40.0,25.3,4.3,21.6,0,26.3,22.8,0.0,25653.82
2025-07-23 09:03:02,24.6,38.3,0.0,5.6,0.0,0.0,0.0,25.7,43.4,141.0,5.8,0.0,25.0,17.0,25.7,50.7,187.0,5.6,0.0,47.0,39.0,25.4,3.1,21.6,0,26.3,22.8,0.0,19067.02
2025-07-23 15:03:03,26.8,66.9,102.0,5.3,0.0,6.0,0.0,29.3,67.2,247.0,5.8,13.0,76.0,68.0,28.7,99.6,518.0,5.8,69.0,207.0,200.0,27.5,13.0,21.6,0,27.8,23.8,0.0,25622.23
2025-07-23 21:03:02,24.8,63.4,84.0,5.1,0.0,0.0,0.0,27.2,62.7,205.0,5.6,4.0,56.0,48.0,26.6,86.2,378.0,5.5,40.0,139.0,132.0,25.6,14.2,21.6,0,28.0,23.2,0.0,28750.79
2025-07-24 03:03:03,20.7,63.4,68.0,5.1,0.0,0.0,0.0,21.6,62.5,185.0,5.2,0.0,46.0,38.0,21.8,88.8,362.0,5.3,37.0,131.0,124.0,23.4,5.9,19.9,40,24.2,21.4,0.0,14519.42
2025-07-24 09:03:03,19.6,63.9,3.0,4.9,0.0,0.0,0.0,20.4,66.1,171.0,4.8,0.0,39.0,31.0,20.2,100.0,670.0,5.5,101.0,280.0,274.0,21.6,7.2,19.9,40,24.2,21.0,0.0,2255.76
2025-07-24 15:03:03,20.3,63.7,10.0,4.9,0.0,0.0,0.0,21.5,65.3,182.0,5.1,0.0,45.0,37.0,20.9,96.3,461.0,5.5,57.0,179.0,172.0,21.1,16.2,19.9,40,24.2,21.0,0.1,0.0
2025-07-24 21:03:03,19.6,63.7,0.0,4.6,0.0,0.0,0.0,20.6,65.3,181.0,4.8,0.0,44.0,36.0,20.5,98.6,485.0,5.3,62.0,191.0,184.0,21.8,3.7,19.9,40,24.2,20.8,0.5,0.0
2025-07-25 03:03:03,18.4,63.5,0.0,4.6,0.0,0.0,0.0,19.1,64.8,176.0,4.7,0.0,42.0,34.0,19.2,94.5,446.0,5.2,54.0,172.0,165.0,21.0,5.6,17.9,0,26.2,20.8,0.0,47097.82
2025-07-25 09:03:03,17.5,63.5,0.0,4.9,0.0,0.0,0.0,17.9,63.8,170.0,4.8,0.0,39.0,31.0,18.0,93.7,411.0,5.2,47.0,155.0,148.0,22.1,6.7,17.9,0,26.6,20.6,0.0,47569.24
2025-07-25 15:03:03,24.8,63.4,17.0,5.4,0.0,0.0,0.0,22.3,63.2,183.0,5.4,0.0,45.0,37.0,22.1,90.4,422.0,5.8,49.0,160.0,153.0,25.6,19.8,17.9,0,26.1,20.6,0.0,47730.33
2025-07-25 21:03:03,22.3,56.3,0.0,4.6,0.0,0.0,0.0,24.0,55.4,182.0,5.4,0.0,45.0,37.0,22.6,84.1,375.0,5.5,39.0,138.0,131.0,25.2,17.0,17.9,0,26.1,20.6,0.0,48213.61
2025-07-26 03:03:02,19.8,56.1,0.0,4.4,0.0,0.0,0.0,20.6,54.7,168.0,5.2,0.0,38.0,30.0,20.6,81.3,344.0,5.3,33.0,123.0,116.0,20.8,7.2,19.5,33,26.4,20.5,0.0,48889.65
2025-07-26 09:03:02,19.3,54.2,0.0,4.4,0.0,0.0,0.0,19.9,54.5,162.0,5.4,0.0,35.0,27.0,19.8,79.2,325.0,5.3,29.0,113.0,106.0,22.0,6.6,19.5,33,26.5,20.8,0.0,48889.65
2025-07-26 15:03:03,28.3,68.4,39.0,5.7,0.0,0.0,0.0,26.0,62.5,179.0,5.8,0.0,43.0,35.0,26.4,84.8,318.0,6.2,27.0,110.0,103.0,26.5,18.6,19.5,33,27.1,20.7,0.0,48484.76
2025-07-26 21:03:03,24.4,61.9,20.0,4.8,0.0,0.0,0.0,26.9,58.5,183.0,5.3,0.0,45.0,37.0,25.0,73.8,300.0,5.4,24.0,101.0,94.0,25.6,9.5,19.5,33,27.1,20.7,0.0,48889.65
2025-07-27 03:03:03,21.5,60.9,8.0,4.6,0.0,0.0,0.0,22.5,57.0,166.0,5.2,0.0,37.0,29.0,22.4,71.3,265.0,5.2,16.0,85.0,77.0,23.7,4.4,20.1,0,27.3,22.9,0.0,47837.65
2025-07-27 09:03:03,20.6,60.4,3.0,4.6,0.0,0.0,0.0,21.5,56.3,161.0,5.2,0.0,34.0,27.0,21.3,69.7,244.0,5.2,12.0,74.0,67.0,24.0,8.0,20.1,0,27.4,23.1,0.0,48368.16
2025-07-27 15:03:03,27.3,59.4,27.0,5.2,0.0,0.0,0.0,26.9,55.4,180.0,5.8,0.0,44.0,36.0,25.8,67.8,287.0,5.9,21.0,95.0,88.0,26.3,11.2,20.1,0,27.1,22.9,0.0,48785.41
2025-07-27 21:03:03,25.8,51.9,6.0,5.4,0.0,0.0,0.0,28.6,50.2,173.0,5.7,0.0,40.0,32.0,26.5,62.4,281.0,5.5,20.0,92.0,85.0,24.9,15.6,20.1,0,27.1,22.9,0.0,48785.41
2025-07-28 03:03:02,23.0,50.7,0.0,5.0,0.0,0.0,0.0,24.1,49.3,155.0,5.5,0.0,31.0,24.0,23.9,60.9,237.0,5.4,11.0,71.0,64.0,24.0,5.3,20.0,0,25.3,23.1,0.0,44943.41
2025-07-28 09:03:03,21.9,48.9,0.0,5.1,0.0,0.0,0.0,22.9,48.1,146.0,5.5,0.0,27.0,19.0,22.6,59.0,204.0,5.4,4.0,55.0,47.0,23.5,14.8,20.0,0,25.3,23.1,0.0,44943.41
2025-07-28 15:03:03,27.7,46.1,0.0,5.5,0.0,0.0,0.0,28.0,46.2,156.0,5.9,0.0,32.0,24.0,26.7,57.1,223.0,6.0,8.0,64.0,57.0,25.2,15.7,20.7,0,25.2,23.0,0.0,44615.8
2025-07-28 21:03:03,23.7,48.9,0.0,4.7,0.0,0.0,0.0,26.2,50.2,164.0,5.5,0.0,36.0,28.0,25.1,58.3,220.0,5.7,7.0,63.0,55.0,24.8,8.3,20.7,0,25.5,23.0,0.0,44615.8
2025-07-29 03:03:03,21.3,46.8,0.0,4.6,0.0,0.0,0.0,22.2,46.3,139.0,5.6,0.0,24.0,16.0,22.3,56.8,192.0,5.3,1.0,49.0,42.0,23.6,4.0,18.1,0,25.8,22.3,0.0,46608.1
2025-07-29 09:03:03,20.5,45.7,0.0,4.6,0.0,0.0,0.0,21.3,45.7,130.0,5.7,0.0,19.0,11.0,21.3,55.5,185.0,5.3,0.0,46.0,38.0,23.5,8.3,18.1,0,25.7,22.5,0.0,46333.35
2025-07-29 15:03:03,28.2,66.7,59.0,5.6,0.0,0.0,0.0,26.6,55.4,172.0,5.9,0.0,40.0,32.0,26.9,83.1,320.0,6.1,28.0,111.0,104.0,26.2,12.6,18.1,0,26.2,22.5,0.0,46770.26
2025-07-29 21:03:03,24.6,61.9,40.0,4.8,0.0,0.0,0.0,27.5,53.1,175.0,5.4,0.0,41.0,33.0,25.6,73.8,300.0,5.5,24.0,101.0,94.0,25.2,9.5,18.1,0,26.1,22.5,0.0,46770.26
2025-07-30 03:03:03,22.1,61.1,30.0,4.6,0.0,0.0,0.0,23.3,52.4,161.0,5.2,0.0,34.0,27.0,23.1,70.9,267.0,5.4,17.0,86.0,78.0,23.6,9.7,18.7,0,25.9,22.6,0.0,48456.89
2025-07-30 09:03:03,19.8,60.2,19.0,4.4,0.0,0.0,0.0,21.1,51.6,150.0,5.3,0.0,29.0,21.0,20.9,69.3,231.0,5.3,9.0,68.0,61.0,23.2,11.4,18.7,0,25.6,22.6,0.0,48456.89
2025-07-30 15:03:03,25.9,59.6,42.0,5.0,0.0,0.0,0.0,27.1,51.8,173.0,5.9,0.0,40.0,32.0,26.0,67.8,282.0,6.0,20.0,93.0,85.0,25.5,9.2,18.7,0,26.0,22.7,0.0,48456.89
2025-07-30 21:03:03,24.4,53.3,23.0,5.1,0.0,0.0,0.0,27.7,47.2,166.0,5.6,0.0,37.0,29.0,25.7,62.8,260.0,5.7,15.0,82.0,75.0,25.1,6.3,18.7,0,26.0,22.7,0.0,48456.89
2025-07-31 03:03:03,22.0,52.1,9.0,5.1,0.0,0.0,0.0,23.2,46.5,149.0,5.5,0.0,29.0,21.0,23.2,61.6,222.0,5.5,7.0,64.0,56.0,23.8,5.0,18.6,0,27.3,23.0,0.0,47604.91
2025-07-31 09:03:03,22.0,51.5,5.0,5.1,0.0,0.0,0.0,23.0,46.5,146.0,5.7,0.0,27.0,19.0,23.0,60.5,207.0,5.5,4.0,57.0,49.0,23.8,5.1,18.6,0,27.2,22.9,0.0,47128.64
2025-07-31 15:03:03,28.0,48.6,8.0,5.6,0.0,0.0,0.0,27.5,45.7,155.0,6.0,0.0,31.0,24.0,26.9,58.6,222.0,6.2,7.0,64.0,56.0,27.1,22.4,18.6,0,27.2,22.9,0.0,47128.64
2025-07-31 21:03:03,25.1,41.0,0.0,5.2,0.0,0.0,0.0,27.8,41.9,128.0,6.1,0.0,18.0,11.0,26.5,52.7,188.0,5.8,0.0,47.0,40.0,25.7,17.3,18.6,0,27.0,22.9,0.0,47128.64
2025-08-01 03:03:03,22.4,39.7,0.0,5.0,0.0,0.0,0.0,23.6,41.3,109.0,5.7,0.0,9.0,1.0,23.7,51.3,174.0,5.6,0.0,41.0,33.0,23.2,4.2,19.9,0,27.0,22.6,0.0,46334.36
2025-08-01 09:03:03,22.8,38.8,0.0,5.0,0.0,0.0,0.0,23.9,40.9,108.0,5.8,0.0,9.0,1.0,23.8,50.6,172.0,5.7,0.0,40.0,32.0,24.0,3.3,19.9,0,27.2,22.6,0.0,46742.57
2025-08-01 15:03:02,29.8,65.6,73.0,5.5,0.0,0.0,0.0,29.6,52.9,164.0,6.2,0.0,36.0,28.0,29.2,82.1,326.0,6.2,29.0,114.0,107.0,25.6,8.3,21.1,0,27.0,23.6,0.0,44891.95
2025-08-02 03:03:02,23.1,60.7,40.0,5.0,0.0,0.0,0.0,24.3,50.4,148.0,5.8,0.0,28.0,20.0,24.3,70.9,258.0,5.6,15.0,81.0,74.0,25.6,8.3,21.1,0,27.0,23.6,0.0,44891.95
2025-08-02 09:03:02,23.3,60.2,41.0,5.1,0.0,0.0,0.0,24.5,50.2,150.0,5.9,0.0,29.0,21.0,24.3,69.7,253.0,5.7,14.0,79.0,71.0,25.6,8.3,21.1,0,27.0,23.6,0.0,44891.95
2025-08-02 15:03:03,28.4,59.4,60.0,5.7,0.0,0.0,0.0,28.7,50.2,165.0,6.2,0.0,36.0,29.0,27.6,68.6,286.0,6.1,21.0,95.0,87.0,25.6,8.3,21.1,0,27.0,23.6,0.0,44891.95
2025-08-02 21:03:03,26.1,53.8,36.0,5.0,0.0,0.0,0.0,29.3,46.4,157.0,6.2,0.0,32.0,25.0,27.6,64.3,270.0,5.8,17.0,87.0,80.0,25.6,8.3,21.1,0,27.0,23.6,0.0,44891.95
2025-08-01 21:03:03,25.5,60.7,50.0,5.1,0.0,0.0,0.0,27.8,50.9,159.0,5.9,0.0,33.0,26.0,26.9,72.7,290.0,5.8,22.0,97.0,89.0,25.6,8.3,21.1,0,27.0,23.6,0.0,44891.95
2025-08-03 03:03:03,23.2,52.8,20.0,4.9,0.0,0.0,0.0,24.5,46.2,139.0,6.0,0.0,24.0,16.0,24.5,63.1,230.0,5.6,9.0,68.0,60.0,24.1,5.8,20.6,5,25.8,23.1,0.0,45062.96
2025-08-03 09:03:02,22.3,51.4,15.0,5.3,0.0,0.0,0.0,23.7,45.7,135.0,6.1,0.0,22.0,14.0,23.7,62.2,218.0,5.6,7.0,62.0,54.0,24.5,8.0,20.6,5,25.6,22.8,0.0,43855.65
2025-08-03 15:03:03,27.6,51.0,28.0,5.8,0.0,0.0,0.0,27.0,44.9,139.0,6.3,0.0,24.0,16.0,26.4,60.3,229.0,6.0,9.0,67.0,60.0,25.7,15.1,20.6,5,25.7,22.8,0.0,45776.78
2025-08-03 21:03:03,25.0,43.0,0.0,5.4,0.0,0.0,0.0,28.2,41.6,124.0,6.2,0.0,17.0,9.0,26.6,55.0,194.0,5.7,2.0,50.0,43.0,25.1,10.2,20.6,5,25.7,22.8,0.0,45776.78
2025-08-04 03:03:03,22.5,42.0,0.0,5.2,0.0,0.0,0.0,23.7,41.1,105.0,6.1,0.0,7.0,0.0,23.8,53.5,181.0,5.5,0.0,44.0,36.0,24.0,4.4,19.5,0,28.0,23.3,0.0,47696.37
2025-08-04 09:03:02,22.8,41.3,0.0,5.2,0.0,0.0,0.0,23.9,40.8,104.0,6.2,0.0,7.0,0.0,23.8,52.8,179.0,5.5,0.0,43.0,35.0,24.3,5.8,19.5,0,28.0,23.3,0.0,47556.13
2025-08-04 15:03:03,29.0,69.5,81.0,6.1,0.0,0.0,0.0,29.2,64.6,181.0,6.7,0.0,44.0,36.0,29.1,82.8,344.0,5.5,33.0,123.0,116.0,27.9,22.7,19.5,0,27.9,23.3,0.0,45695.62
2025-08-04 21:03:03,26.5,63.0,71.0,5.5,0.0,0.0,0.0,29.3,59.1,181.0,6.0,0.0,44.0,36.0,28.1,72.4,320.0,5.7,28.0,111.0,104.0,26.5,17.1,19.5,0,27.8,23.3,0.0,47415.9
2025-08-05 03:03:03,23.1,62.2,62.0,5.2,0.0,0.0,0.0,24.5,57.6,166.0,6.0,0.0,37.0,29.0,24.6,70.6,279.0,5.5,19.0,91.0,84.0,24.6,6.2,20.0,0,28.4,23.9,0.0,46240.98
2025-08-05 09:03:03,22.6,62.2,57.0,5.2,0.0,0.0,0.0,23.7,57.2,161.0,6.1,0.0,34.0,27.0,23.7,69.7,266.0,5.5,17.0,85.0,78.0,25.1,4.3,20.0,0,28.4,23.5,0.0,45690.6
2025-08-05 15:03:03,30.1,61.9,88.0,5.8,0.0,0.0,0.0,29.1,56.6,180.0,6.4,0.0,44.0,36.0,28.5,68.8,313.0,6.0,26.0,108.0,100.0,28.1,12.6,20.0,0,28.2,23.5,0.0,47341.74
2025-08-05 21:03:03,26.8,55.7,59.0,5.2,0.0,0.0,0.0,30.0,52.2,172.0,6.5,0.0,40.0,32.0,28.5,64.4,297.0,5.7,23.0,100.0,93.0,26.5,4.9,20.0,0,28.0,23.5,0.0,47479.34
2025-08-06 03:03:03,23.7,54.2,42.0,5.0,0.0,0.0,0.0,25.1,51.6,154.0,6.3,0.0,31.0,23.0,25.3,63.1,252.0,5.4,14.0,78.0,71.0,24.3,3.2,20.8,0,27.6,23.3,0.0,44882.47
2025-08-06 09:03:03,22.5,53.6,34.0,5.1,0.0,0.0,0.0,23.7,51.5,148.0,6.4,0.0,28.0,20.0,23.8,62.0,226.0,5.4,8.0,66.0,58.0,24.9,2.7,20.8,0,28.0,23.0,0.0,45055.38
2025-08-06 15:03:03,29.8,52.2,59.0,6.1,0.0,0.0,0.0,29.5,50.4,165.0,6.8,0.0,36.0,29.0,28.7,60.7,275.0,6.0,18.0,89.0,82.0,27.9,16.9,20.8,0,28.0,23.0,0.0,45055.38
2025-08-06 21:03:03,26.4,44.5,8.0,5.5,0.0,0.0,0.0,29.1,45.2,148.0,6.8,0.0,28.0,20.0,28.2,55.7,225.0,5.7,8.0,65.0,58.0,26.0,9.6,20.8,0,27.4,23.0,0.0,44111.48
2025-08-07 03:03:03,24.1,43.6,0.0,5.4,0.0,0.0,0.0,25.3,45.1,132.0,6.8,0.0,20.0,12.0,25.4,54.4,194.0,5.5,2.0,50.0,43.0,23.8,3.9,21.1,0,28.1,23.3,0.0,45600.98
2025-08-07 09:03:03,23.4,43.1,0.0,5.4,0.0,0.0,0.0,24.5,44.9,127.0,6.8,0.0,18.0,10.0,24.7,53.7,189.0,5.5,1.0,48.0,40.0,24.4,3.1,21.1,0,28.2,23.3,0.0,44859.7
2025-08-07 15:03:03,29.6,69.7,74.0,6.3,0.0,0.0,0.0,28.7,67.0,178.0,7.1,0.0,43.0,35.0,28.8,81.7,329.0,5.6,30.0,115.0,108.0,28.2,13.0,21.1,0,28.4,23.3,0.0,44859.7
2025-08-07 21:03:03,27.6,63.9,70.0,5.6,0.0,0.0,0.0,30.5,61.4,188.0,6.6,0.0,47.0,40.0,29.0,72.0,320.0,5.9,28.0,111.0,104.0,26.6,4.8,21.1,0,28.1,23.3,0.0,44859.7
2025-08-08 03:03:03,24.3,63.4,60.0,5.3,0.0,0.0,0.0,25.4,61.7,170.0,6.5,0.0,39.0,31.0,25.6,69.7,283.0,5.6,20.0,93.0,86.0,23.8,3.7,22.9,0,27.5,22.9,0.0,46096.85
2025-08-08 09:03:03,22.7,63.2,54.0,5.2,0.0,0.0,0.0,23.8,61.5,164.0,6.5,0.0,36.0,28.0,24.2,69.3,266.0,5.6,17.0,85.0,78.0,24.0,3.8,22.9,0,27.8,22.9,0.0,46462.79
2025-08-08 15:03:03,29.3,63.5,82.0,5.9,0.0,0.0,0.0,28.6,61.0,179.0,7.4,0.0,43.0,35.0,28.0,68.8,302.0,5.8,24.0,102.0,95.0,27.5,10.8,22.9,0,27.7,22.9,0.0,46204.83
2025-08-08 21:03:03,26.8,57.2,58.0,5.2,0.0,0.0,0.0,30.1,55.5,175.0,7.2,0.0,41.0,33.0,28.6,64.6,294.0,5.7,22.0,99.0,91.0,26.6,3.4,22.9,0,27.7,22.9,0.0,46333.81
2025-08-09 03:03:02,24.2,56.6,45.0,5.0,0.0,0.0,0.0,25.5,54.8,159.0,7.1,0.0,33.0,26.0,25.7,63.3,253.0,5.5,14.0,79.0,71.0,24.0,2.7,22.9,0,27.6,23.2,0.0,44895.47
2025-08-09 09:03:03,22.9,56.1,37.0,4.9,0.0,0.0,0.0,24.1,54.5,154.0,6.9,0.0,31.0,23.0,24.3,62.6,229.0,5.6,9.0,67.0,60.0,24.5,4.0,22.9,0,28.2,23.2,0.0,44597.22
2025-08-09 15:03:02,30.2,55.5,67.0,5.8,0.0,0.0,0.0,29.4,54.1,171.0,7.2,0.0,39.0,31.0,28.7,60.9,269.0,6.1,17.0,86.0,79.0,28.4,11.7,22.9,0,28.3,23.2,0.0,44471.36
2025-08-09 21:03:03,27.7,47.7,31.0,5.7,0.0,0.0,0.0,30.6,49.3,160.0,7.3,0.0,34.0,26.0,29.3,55.8,241.0,5.8,11.0,73.0,65.0,26.5,4.9,22.9,0,27.9,23.2,0.0,44597.22
2025-08-10 03:03:03,24.7,46.2,8.0,5.5,0.0,0.0,0.0,25.9,48.3,141.0,7.0,0.0,25.0,17.0,26.1,55.0,198.0,5.6,2.0,52.0,45.0,24.9,2.5,22.0,0,29.8,24.4,0.0,46414.7
2025-08-10 09:03:02,24.0,45.6,0.0,5.5,0.0,0.0,0.0,25.1,47.8,136.0,7.2,0.0,22.0,14.0,25.4,54.4,193.0,5.6,1.0,50.0,42.0,26.0,1.9,22.0,0,30.0,24.4,0.0,46414.7
2025-08-10 15:03:03,31.6,44.5,16.0,6.1,0.0,0.0,0.0,31.2,46.5,152.0,7.5,0.0,30.0,22.0,30.3,52.3,205.0,6.2,4.0,56.0,48.0,29.9,13.4,22.0,0,30.3,24.4,0.0,46414.7
2025-08-10 21:03:03,28.6,38.1,0.0,5.7,0.0,0.0,0.0,31.6,43.0,134.0,7.8,0.0,21.0,13.0,30.5,46.5,186.0,5.9,0.0,46.0,39.0,28.8,9.8,22.0,0,29.9,24.4,0.0,46414.7
2025-08-11 03:03:02,25.8,35.0,0.0,5.5,0.0,0.0,0.0,27.2,42.1,113.0,7.5,0.0,11.0,3.0,27.2,44.9,168.0,5.7,0.0,38.0,30.0,27.4,5.0,20.8,0,30.3,26.2,0.0,45543.05
2025-08-11 09:03:03,25.4,32.9,0.0,5.4,0.0,0.0,0.0,26.4,41.3,107.0,7.5,0.0,8.0,0.0,26.5,43.8,160.0,5.6,0.0,34.0,26.0,27.2,1.9,20.8,0,30.7,26.3,0.0,46019.86
2025-08-11 15:03:02,32.7,32.0,0.0,5.7,0.0,0.0,0.0,31.5,40.4,117.0,7.6,0.0,13.0,5.0,30.8,41.8,162.0,6.0,0.0,35.0,27.0,30.7,10.9,20.8,0,30.7,26.3,0.0,46139.06
2025-08-11 21:03:02,29.8,62.4,96.0,5.7,0.0,3.0,0.0,32.1,69.8,296.0,6.9,23.0,99.0,92.0,31.5,73.4,375.0,6.1,39.0,138.0,131.0,28.4,3.9,20.8,0,30.4,26.3,0.0,46019.86
2025-08-12 03:03:03,26.2,62.4,86.0,5.6,0.0,0.0,0.0,27.6,68.0,250.0,6.8,13.0,77.0,70.0,27.9,70.6,334.0,6.0,31.0,118.0,111.0,26.5,1.5,25.0,0,29.5,25.3,0.0,44604.16
2025-08-12 09:03:03,25.0,62.0,82.0,5.6,0.0,0.0,0.0,26.2,68.3,232.0,6.6,9.0,69.0,61.0,26.5,68.9,318.0,5.9,27.0,110.0,103.0,26.5,2.2,25.0,0,29.7,25.2,0.0,44985.96
2025-08-12 15:03:03,30.9,62.0,103.0,6.2,0.0,6.0,0.0,30.7,66.4,264.0,6.7,16.0,84.0,77.0,30.1,67.8,347.0,6.2,33.0,124.0,117.0,29.5,9.0,25.0,0,29.6,25.2,0.0,44738.99
2025-08-12 21:03:03,28.7,54.3,74.0,5.5,0.0,0.0,0.0,31.9,61.4,240.0,7.9,11.0,72.0,65.0,30.6,63.3,339.0,5.6,32.0,120.0,113.0,28.1,8.7,25.0,0,29.6,25.2,0.0,44754.64
2025-08-13 03:03:03,26.6,52.9,60.0,5.4,0.0,0.0,0.0,27.9,59.9,195.0,7.3,2.0,51.0,43.0,28.2,61.8,305.0,5.4,25.0,104.0,97.0,26.4,4.5,24.6,0,29.6,25.4,0.0,44466.87
2025-08-13 09:03:02,24.4,51.9,45.0,5.2,0.0,0.0,0.0,25.6,59.1,187.0,7.2,0.0,47.0,39.0,26.0,60.3,272.0,5.5,18.0,88.0,81.0,26.6,0.5,24.6,0,29.8,25.4,0.0,44334.29
2025-08-13 15:03:03,31.4,50.8,66.0,5.8,0.0,0.0,0.0,31.0,57.8,211.0,7.3,5.0,59.0,51.0,30.5,57.9,296.0,6.0,23.0,99.0,92.0,30.1,16.5,24.6,0,30.2,25.4,0.0,44782.13
2025-08-13 21:03:03,28.1,42.9,18.0,5.5,0.0,0.0,0.0,31.4,53.1,192.0,7.2,1.0,49.0,42.0,30.5,51.8,262.0,5.8,16.0,83.0,76.0,28.3,9.7,24.6,0,30.0,25.4,0.0,44894.09
2025-08-14 03:03:03,25.1,41.8,0.0,5.5,0.0,0.0,0.0,26.4,52.2,173.0,7.0,0.0,40.0,32.0,26.7,50.6,208.0,5.5,4.0,57.0,49.0,25.6,2.6,23.2,0,30.8,24.7,0.0,37248.25
2025-08-14 09:03:03,25.1,41.0,0.0,5.6,0.0,0.0,0.0,26.1,51.5,171.0,7.2,0.0,39.0,31.0,26.4,49.5,198.0,5.5,2.0,52.0,45.0,26.3,3.3,23.2,0,31.1,24.2,0.0,45658.21
2025-08-14 15:03:02,30.7,39.7,0.0,5.9,0.0,0.0,0.0,30.3,50.1,176.0,7.5,0.0,42.0,34.0,29.9,46.3,198.0,5.8,2.0,52.0,45.0,31.0,14.1,23.2,0,31.0,24.2,0.0,45658.21
2025-08-14 21:03:03,27.7,30.4,0.0,5.5,0.0,0.0,0.0,30.1,45.3,158.0,7.5,0.0,33.0,25.0,29.6,42.1,179.0,5.5,0.0,43.0,35.0,29.0,9.5,23.2,0,30.9,24.2,0.0,45658.21
2025-08-15 03:03:02,25.0,27.9,0.0,5.2,0.0,0.0,0.0,26.3,44.5,141.0,7.3,0.0,25.0,17.0,26.5,40.2,163.0,5.4,0.0,35.0,28.0,26.0,4.3,21.8,0,32.1,25.5,0.0,45520.0
2025-08-15 09:03:03,23.7,27.0,0.0,5.5,0.0,0.0,0.0,24.8,44.0,131.0,7.3,0.0,20.0,12.0,25.1,38.7,151.0,5.3,0.0,30.0,22.0,27.2,3.2,21.8,0,31.5,25.5,0.0,45520.0
2025-08-15 15:03:02,31.7,27.2,0.0,5.4,0.0,0.0,0.0,30.6,43.2,145.0,7.6,0.0,27.0,19.0,30.1,36.1,159.0,6.1,0.0,33.0,26.0,31.0,11.3,21.8,0,31.0,25.5,0.0,45415.96
2025-08-15 21:03:03,28.9,35.8,0.0,5.1,0.0,0.0,0.0,31.4,66.8,318.0,7.5,27.0,110.0,103.0,30.4,35.7,165.0,5.9,0.0,36.0,29.0,28.4,3.1,21.8,0,30.8,25.5,0.0,45415.96
2025-08-16 03:03:03,24.8,38.6,0.0,5.1,0.0,0.0,0.0,26.1,63.1,224.0,7.1,8.0,65.0,57.0,26.3,40.6,166.0,5.8,0.0,37.0,29.0,27.5,6.0,22.9,0,33.8,26.8,0.0,44800.75
2025-08-16 09:03:03,24.2,38.8,0.0,5.1,0.0,0.0,0.0,25.1,60.6,195.0,7.1,2.0,51.0,43.0,25.5,41.0,166.0,5.7,0.0,37.0,29.0,28.4,5.6,22.9,0,33.4,26.7,0.0,44675.2
2025-08-16 15:03:03,31.2,38.6,15.0,5.6,0.0,0.0,0.0,31.5,56.8,212.0,7.3,5.0,59.0,51.0,31.2,40.2,180.0,6.0,0.0,44.0,36.0,32.3,14.8,22.9,0,33.2,26.6,0.0,44836.69
2025-08-16 21:03:03,29.2,32.5,0.0,5.5,0.0,0.0,0.0,32.1,48.6,180.0,7.4,0.0,44.0,36.0,31.4,35.7,168.0,5.9,0.0,38.0,30.0,28.9,5.9,22.9,0,33.2,26.6,0.0,44936.44
2025-08-17 03:03:03,25.7,30.6,0.0,5.4,0.0,0.0,0.0,27.2,46.9,159.0,7.2,0.0,33.0,26.0,27.7,33.4,151.0,5.7,0.0,30.0,22.0,26.6,5.4,21.7,0,31.9,25.9,0.0,44727.96
2025-08-17 09:03:03,24.5,29.0,0.0,5.2,0.0,0.0,0.0,25.6,46.0,148.0,7.2,0.0,28.0,20.0,25.9,32.0,141.0,5.5,0.0,25.0,17.0,27.1,3.1,21.7,0,31.5,25.9,0.0,44918.37
2025-08-17 15:03:02,30.9,28.2,0.0,5.4,0.0,0.0,0.0,32.0,44.9,161.0,7.5,0.0,34.0,27.0,31.6,29.4,151.0,5.8,0.0,30.0,22.0,30.9,11.3,21.7,0,31.2,26.0,0.0,44823.17
2025-08-17 21:03:03,28.4,26.5,0.0,5.3,0.0,0.0,0.0,30.7,42.4,144.0,7.5,0.0,26.0,18.0,30.5,27.3,135.0,5.5,0.0,22.0,14.0,27.8,4.1,21.7,0,31.2,26.0,0.0,44727.96
2025-08-18 03:03:03,26.1,25.7,0.0,5.2,0.0,0.0,0.0,27.2,41.5,130.0,7.2,0.0,19.0,11.0,27.6,26.7,120.0,5.3,0.0,15.0,7.0,26.4,1.8,25.2,0,30.1,25.4,0.0,43125.47
2025-08-18 09:03:03,26.0,25.3,0.0,5.0,0.0,0.0,0.0,27.0,41.7,128.0,7.4,0.0,18.0,11.0,27.4,26.3,116.0,5.2,0.0,13.0,5.0,26.6,6.8,25.2,0,30.0,25.5,0.0,42993.39
2025-08-18 15:03:03,30.5,25.6,0.0,5.2,0.0,0.0,0.0,31.0,40.6,133.0,7.6,0.0,21.0,13.0,30.9,25.5,117.0,5.4,0.0,13.0,5.0,30.1,11.6,25.2,0,30.1,25.5,0.0,44034.59
2025-08-18 21:03:03,27.3,24.1,0.0,5.0,0.0,0.0,0.0,29.8,36.6,115.0,7.6,0.0,12.0,4.0,29.5,24.5,101.0,5.2,0.0,5.0,0.0,27.8,3.6,25.2,0,29.9,25.5,0.0,44034.59
2025-08-19 03:03:03,25.6,23.7,0.0,5.0,0.0,0.0,0.0,26.7,34.8,97.0,7.5,0.0,4.0,0.0,27.2,24.0,88.0,5.1,0.0,0.0,0.0,26.5,6.5,20.0,0,27.5,25.7,0.0,28361.68
2025-08-19 09:03:03,25.1,23.3,0.0,5.2,0.0,0.0,0.0,25.9,33.1,89.0,7.0,0.0,0.0,0.0,26.4,23.7,79.0,5.0,0.0,0.0,0.0,26.6,3.3,20.0,0,27.5,25.7,0.0,25247.15
2025-08-19 15:03:03,28.6,23.5,0.0,5.7,0.0,0.0,0.0,28.8,33.2,99.0,7.7,0.0,4.0,0.0,28.8,23.6,80.0,5.1,0.0,0.0,0.0,27.5,22.6,20.0,0,27.6,25.6,0.0,22766.71
2025-08-19 21:03:03,26.5,22.7,0.0,5.3,0.0,0.0,0.0,28.6,30.0,89.0,7.8,0.0,0.0,0.0,28.3,23.1,66.0,5.0,0.0,0.0,0.0,26.2,11.4,20.0,0,28.2,25.8,0.0,22766.71
2025-08-20 03:03:03,23.6,22.2,0.0,5.2,0.0,0.0,0.0,24.6,28.1,67.0,7.6,0.0,0.0,0.0,25.2,22.8,52.0,4.8,0.0,0.0,0.0,25.0,8.6,21.0,3,25.6,22.2,0.0,34333.99
2025-08-20 09:03:03,22.6,22.2,0.0,5.2,0.0,0.0,0.0,23.5,27.6,58.0,7.6,0.0,0.0,0.0,24.3,22.8,44.0,4.7,0.0,0.0,0.0,24.4,7.8,21.0,3,25.8,22.1,0.0,32709.39
2025-08-20 15:03:03,26.8,21.8,0.0,5.0,0.0,0.0,0.0,28.3,35.0,117.0,6.9,0.0,13.0,5.0,28.6,22.2,41.0,5.1,0.0,0.0,0.0,25.5,14.4,21.0,3,25.9,22.6,0.0,36185.57
2025-08-20 21:03:03,24.0,23.9,0.0,5.2,0.0,0.0,0.0,25.8,42.2,125.0,6.8,0.0,17.0,9.0,25.5,22.2,28.0,4.8,0.0,0.0,0.0,23.5,3.7,21.0,3,26.0,22.2,0.0,36185.57
2025-08-21 03:03:02,20.4,23.9,0.0,4.9,0.0,0.0,0.0,21.4,41.6,105.0,6.8,0.0,7.0,0.0,21.9,22.2,16.0,4.6,0.0,0.0,0.0,21.2,2.3,19.9,25,27.4,21.0,0.0,44121.77
2025-08-21 09:03:03,18.3,23.9,0.0,4.8,0.0,0.0,0.0,19.4,41.2,92.0,6.8,0.0,1.0,0.0,19.9,22.1,9.0,4.6,0.0,0.0,0.0,22.0,10.2,19.9,25,27.4,21.1,0.0,43783.84
2025-08-21 15:03:02,26.3,24.8,0.0,5.5,0.0,0.0,0.0,24.8,40.8,107.0,7.0,0.0,8.0,0.0,25.3,22.3,23.0,5.1,0.0,0.0,0.0,27.0,13.2,19.9,25,27.3,21.1,0.0,43783.84
2025-08-21 21:03:03,24.3,23.7,0.0,5.2,0.0,0.0,0.0,26.3,37.8,105.0,7.5,0.0,7.0,0.0,25.6,22.0,19.0,5.1,0.0,0.0,0.0,25.1,15.6,19.9,25,27.2,21.1,0.0,43783.84
2025-08-22 03:03:02,22.3,23.5,0.0,5.3,0.0,0.0,0.0,23.1,36.6,88.0,7.3,0.0,0.0,0.0,23.5,21.9,12.0,5.0,0.0,0.0,0.0,23.2,6.4,19.1,3,25.5,22.4,0.0,43229.84
2025-08-22 09:03:03,20.7,23.3,0.0,5.4,0.0,0.0,0.0,21.5,35.6,78.0,7.3,0.0,0.0,0.0,21.9,21.8,7.0,4.9,0.0,0.0,0.0,23.1,6.5,19.1,3,25.6,22.5,0.0,43200.0
2025-08-22 15:03:02,28.8,24.0,0.0,5.9,0.0,0.0,0.0,27.8,35.5,99.0,7.5,0.0,4.0,0.0,27.9,21.9,19.0,5.3,0.0,0.0,0.0,25.2,11.7,19.1,3,25.6,22.5,0.0,43200.0
2025-08-22 21:03:03,25.2,22.8,0.0,6.0,0.0,0.0,0.0,26.8,32.5,89.0,7.4,0.0,0.0,0.0,26.5,21.5,7.0,5.4,0.0,0.0,0.0,24.5,8.6,19.1,3,25.9,22.5,0.0,43200.0
2025-08-23 03:03:03,22.2,22.7,0.0,5.5,0.0,0.0,0.0,22.9,31.7,73.0,7.4,0.0,0.0,0.0,23.3,21.4,0.0,5.2,0.0,0.0,0.0,24.0,2.5,18.7,0,27.6,22.5,0.0,43487.54
2025-08-23 09:03:02,21.8,22.8,0.0,5.4,0.0,0.0,0.0,22.2,31.0,68.0,7.4,0.0,0.0,0.0,22.7,21.2,0.0,5.2,0.0,0.0,0.0,23.1,3.5,18.7,0,27.6,22.3,0.0,43380.54
2025-08-23 15:03:03,28.8,23.6,0.0,5.6,0.0,0.0,0.0,27.0,31.0,84.0,7.6,0.0,0.0,0.0,27.7,21.3,0.0,5.4,0.0,0.0,0.0,27.4,19.2,18.7,0,27.7,22.3,0.0,43380.54
2025-08-23 21:03:03,25.7,22.5,0.0,5.8,0.0,0.0,0.0,27.0,28.1,76.0,7.7,0.0,0.0,0.0,26.7,20.7,0.0,5.7,0.0,0.0,0.0,25.9,15.6,18.7,0,27.4,22.3,0.0,43345.57
2025-08-24 03:03:03,23.1,22.2,0.0,5.6,0.0,0.0,0.0,23.6,27.3,57.0,7.5,0.0,0.0,0.0,24.1,20.6,0.0,5.4,0.0,0.0,0.0,23.6,3.7,21.4,0,28.3,23.1,0.0,43559.01
2025-08-24 09:03:03,23.1,22.1,0.0,5.5,0.0,0.0,0.0,23.5,27.1,53.0,7.6,0.0,0.0,0.0,24.0,20.5,0.0,5.4,0.0,0.0,0.0,23.9,5.1,21.4,0,28.0,22.7,0.0,43454.95
2025-08-24 15:03:03,31.1,22.9,0.0,5.5,0.0,0.0,0.0,29.9,27.2,74.0,7.7,0.0,0.0,0.0,30.1,20.5,0.0,5.6,0.0,0.0,0.0,27.5,12.6,21.4,0,28.0,22.7,0.0,43454.95
2025-08-24 21:03:02,27.1,21.8,0.0,5.8,0.0,0.0,0.0,28.4,26.3,62.0,7.7,0.0,0.0,0.0,28.4,19.9,0.0,5.8,0.0,0.0,0.0,26.6,7.2,21.4,0,27.6,22.7,0.0,43454.95
2025-08-25 03:03:02,24.5,21.7,0.0,5.5,0.0,0.0,0.0,25.0,25.8,43.0,7.5,0.0,0.0,0.0,25.5,19.6,0.0,5.6,0.0,0.0,0.0,24.0,4.9,23.0,0,28.6,23.9,0.1,4717.68
2025-08-25 09:03:03,24.3,21.6,0.0,5.3,0.0,0.0,0.0,24.8,25.5,39.0,7.5,0.0,0.0,0.0,25.3,19.6,0.0,5.5,0.0,0.0,0.0,24.5,4.1,23.0,0,27.6,23.9,0.2,8641.94
2025-08-25 15:03:02,25.1,21.6,0.0,5.3,0.0,0.0,0.0,26.1,25.5,45.0,7.4,0.0,0.0,0.0,26.2,19.5,0.0,5.5,0.0,0.0,0.0,27.3,18.4,23.0,0,27.8,23.9,0.1,5191.17
2025-08-25 21:03:03,25.8,21.5,0.0,5.7,0.0,0.0,0.0,26.9,25.1,42.0,7.4,0.0,0.0,0.0,27.0,19.2,0.0,5.7,0.0,0.0,0.0,26.4,11.5,23.0,0,28.7,23.9,0.2,5185.96
2025-08-26 03:03:03,24.2,21.3,0.0,5.5,0.0,0.0,0.0,24.7,24.7,30.0,7.3,0.0,0.0,0.0,25.2,18.9,0.0,5.5,0.0,0.0,0.0,24.7,3.7,22.6,0,27.9,23.3,0.0,43359.67
2025-08-26 09:03:02,22.9,21.2,0.0,5.2,0.0,0.0,0.0,23.3,24.5,21.0,7.3,0.0,0.0,0.0,24.0,18.9,0.0,5.5,0.0,0.0,0.0,24.5,3.3,22.5,0,28.5,23.5,0.0,43457.62